symbol,name,slug,date_added,age_hours,price,market_cap,volume_24h,percent_change_24h,percent_change_1h,percent_change_7d,exchange
DOGE,Dogen,dogen-ethereum,2025-07-11T17:01:36.000Z,2.18,2.92111531331e-13,0.0,68764.68963785,3.92014699,3.92014699,3.92014699,binance
ALT,Altcoin,altcoin-ethereum,2025-07-10T13:11:58.000Z,30.01,1.11361383998e-13,0.0,74171.57808203,-76.74813564,-19.35574032,-56.16502247,binance
ALT,Altcoin,altcoin-fun,2025-07-08T14:06:47.000Z,77.09,0.07080027411022516,0.0,18813123.03248125,24.44556392,1.08312115,353.23369356,binance
SAHARA,Sahara AI,sahara-ai,2025-06-26T12:00:00.000Z,367.21,0.07971344120744399,162615420.06318575,166759997.83528396,3.84752804,1.89438224,-3.09977116,binance
TRUMP,Mubarak Trump,mubarak-trump,2025-06-19T08:16:44.000Z,538.93,1.7213379431472982e-05,0.0,51184.97718679,3.88482439,45.24187074,1095.65694782,binance
NEWT,Newton Protocol,newton-protocol,2025-06-19T01:54:19.000Z,545.3,0.33589056616941987,72216471.72642528,90046757.95106763,3.02482865,1.43276983,-0.60033511,binance
MASK,catwifmask,catwifmask,2025-06-12T15:45:24.000Z,699.45,0.008196111080252198,8194240.145779798,7549341.58597894,-4.47027833,0.17890233,14.57656878,binance
RESOLV,Resolv,resolv,2025-06-04T08:26:04.000Z,898.77,0.19931592984381027,31043456.07317345,442346761.8779675,37.99391447,2.38019609,39.42985231,binance
D,D,d,2025-05-29T07:57:20.000Z,1043.25,2.9052836726777748e-05,0.0,190436.79114583,33.78989242,-1.99011411,1999.49556726,binance
A,Vaulta,vaulta,2025-05-28T09:48:03.000Z,1065.41,0.552842073276926,871959028.9411052,87617818.3030982,4.54635106,1.11669577,15.68266532,binance
HUMA,Huma Finance,huma-finance,2025-05-26T11:00:00.000Z,1112.21,0.0414893544648852,71914881.05863789,117998310.36065526,10.72521462,1.43523278,32.4678757,binance
SPK,Spark,spark,2025-05-21T08:03:34.000Z,1235.15,0.034984721642617754,34164003.857146725,96631943.0442946,9.08964046,1.7887592,12.7780595,binance
TURBO,TURBO BOME,turbo-bome,2025-05-20T06:36:03.000Z,1260.61,1.7891710604079084e-05,0.0,287219.54958995,-38.52649477,-22.43698653,203.68995927,binance
LA,Lagrange,lagrange,2025-05-15T07:24:08.000Z,1379.81,0.39593121370683027,76414724.24541824,177889933.53400275,-4.08510662,0.64662564,-20.58107478,binance
HYPER,Hyperpigmentation,hyperpigmentation,2025-05-06T10:13:57.000Z,1592.98,0.011902110230549864,11862196.486633655,100047.6887484,-2.03066688,1.53654781,-21.97493134,binance
RED,RED,redfuture,2025-05-06T07:51:49.000Z,1595.34,1474.7243466130706,0.0,24492.97439698,-0.75026994,0.21324015,-0.83600151,binance
SXT,Space and Time,space-and-time,2025-05-02T07:29:58.000Z,1691.71,0.08483138011609612,118763932.16253456,43164444.40964282,0.07834751,0.84623166,23.06031177,binance
HAEDAL,Haedal Protocol,haedal-protocol,2025-04-29T10:59:51.000Z,1760.21,0.16540903548892627,35149420.041396834,105937140.13892983,7.45262331,2.44206388,37.19007904,binance
TRUMP,TRUMP MOG (trumpmog.me),trump-mog,2025-04-29T08:39:17.000Z,1762.55,0.0018246015234206435,0.0,168534.42027873,27.30739546,-1.60465139,1048.12076326,binance
SIGN,Sign,sign,2025-04-25T14:19:12.000Z,1852.89,0.07544276191693676,90531314.30032411,36138005.50662062,10.71993456,1.23903132,15.72783313,binance
INIT,Initia,initia,2025-04-17T09:02:11.000Z,2050.17,0.5062741833424165,80659397.01647682,271444883.1762029,20.61722972,4.10654039,26.16113409,binance
PEPE,PEPE AI (pepeai.one),pepeai-one,2025-04-17T06:34:41.000Z,2052.63,0.00011262631322601308,0.0,341118.28457516,204.05651252,-0.23919329,-85.4572606,binance
TRUMP,PEPE TRUMP (pepetrump.cc),pepetrump-cc,2025-04-17T06:31:45.000Z,2052.68,1.311414858498417e-08,0.0,1794050.15719629,-95.41790273,-78.10739066,-84.29879076,binance
HYPER,Hyperlane,hyperlane,2025-04-16T09:27:48.000Z,2073.74,0.5368848710689098,94062229.411273,2083287794.108936,15.06590684,2.72271729,424.26377107,binance
USD1,World Liberty Financial USD,usd1,2025-04-13T05:37:56.000Z,2149.58,1.0001020951411272,2209072531.5481334,670762213.9246271,0.00794983,0.02183205,-0.01882154,binance
KERNEL,KernelDAO,kerneldao,2025-04-01T13:15:11.000Z,2429.95,0.14698116976805606,25287271.58403935,101490038.65072158,15.72347009,-0.12165378,45.15910325,binance
TRUMP,MAGA TRUMP (magatrumpcoin.com),magatrumpcoin-com,2025-03-28T03:51:29.000Z,2535.35,0.00015428306834099352,0.0,1586455.44555341,29.19746742,15.53461036,-77.80440418,binance
GUN,GUNZ,gunz,2025-03-27T13:48:37.000Z,2549.4,0.03488900433172254,33301554.634629164,42703425.82349306,4.82954704,1.42359589,14.35551367,binance
HOME,Defi App,defi-app,2025-03-26T08:40:47.000Z,2578.53,0.02294627333167278,62413863.46214996,36330388.53681214,6.3121176,1.5745548,19.93709985,binance
MUBARAK,Mubarak(mubarakcoin.link),mubarak-coin,2025-03-25T14:21:53.000Z,2596.84,0.0029243832687375353,0.0,224491.58734444,-6.84830552,-8.86639079,-78.86648689,binance
PARTI,Particle Network,particle-network,2025-03-24T02:22:29.000Z,2632.83,0.21436975968735134,49948154.00715286,94595227.3436771,18.98127129,2.91111796,26.49245183,binance
NXPC,NEXPACE,maplestory-universe,2025-03-17T06:30:59.000Z,2796.69,1.063220986137685,197675888.30468735,109813224.70407161,13.43890441,2.07253335,17.32856694,binance
MUBARAK,Mubarak,mubarak,2025-03-16T12:53:38.000Z,2814.31,0.047128822842094145,47128822.842094146,104352878.39562602,6.31571763,1.3828216,28.20846206,binance
FORM,Form,form,2025-02-28T03:49:27.000Z,3207.38,0.00018073170330582745,0.0,302179.07746723,85.23979455,7.89635861,13.73132625,binance
TUT,Tutorial,tutorial,2025-02-26T10:44:14.000Z,3248.47,0.06069615412040439,50868224.58819135,47648773.89646447,1.24186824,-2.40187241,-0.56207019,binance
TST,[Fake] Test (testtoken.me),testtoken-me,2025-02-18T09:08:24.000Z,3442.07,1.3696317267176075e-05,0.0,244334.8353441,140.33669525,27.60543772,-79.85685351,binance
KAITO,KAITO,kaito,2025-02-14T13:09:33.000Z,3534.05,1.6844946059341717,406618281.4529425,83038651.68232289,9.30132657,1.86620622,11.87994267,binance
HEI,Heima,heima,2025-02-12T06:52:06.000Z,3588.34,0.32444537279614966,24881815.568911538,25106887.55444463,13.90942906,4.75914048,22.06263263,binance
SHELL,MyShell,myshell,2025-02-12T03:34:17.000Z,3591.64,0.16911085860108643,48929408.42191209,37124320.90112328,7.36360465,1.51141579,22.01229042,binance
NIL,Nillion,nillion,2025-02-11T10:24:28.000Z,3608.8,0.3315721767200475,64706310.28691728,31516520.27919211,4.5982559,1.41929623,18.68303078,binance
TST,Test,test-token-bsc,2025-02-07T09:34:08.000Z,3705.64,0.049185536989002666,46571444.653866,77247531.88271092,15.82704416,-0.82187688,19.85613893,binance
BERA,Berachain,berachain,2025-02-06T13:00:00.000Z,3726.21,2.0886082438165383,251604667.90191773,136057391.82704875,12.9233722,1.5064065,27.78746675,binance
ANIME,Animecoin,anime,2025-01-23T14:00:00.000Z,4061.21,0.018474335622567284,102322041.29565781,50968137.70566113,9.04691816,1.59733713,11.07200665,binance
LAYER,Solayer,solayer,2025-01-23T10:38:59.000Z,4064.56,0.6715678851284467,141029255.8769738,58644942.71859469,5.73867924,1.6182479,9.38203592,binance
DATA,Databot,databot,2025-01-21T10:32:22.000Z,4112.67,0.0011598394712231152,1062227.2154679333,0.0,10.45658679,0.0,11.29112766,binance
TRUMP,OFFICIAL TRUMP,official-trump,2025-01-18T04:19:35.000Z,4190.88,10.169964773921613,2033986212.868327,895713552.698993,7.05649767,1.49104879,19.12380171,binance
GPS,GoPlus Security,goplus-security,2025-01-16T08:01:34.000Z,4235.18,0.025058320165297805,41001460.07160976,11697011.47976763,6.8108435,0.19422531,5.08456905,binance
BMT,Bubblemaps,bubblemaps,2025-01-13T17:13:31.000Z,4297.98,0.0906437415633576,33140963.83321976,71829550.84092101,5.24253318,0.19358731,-33.35448245,binance
S,Sonic,sonic,2025-01-03T14:11:26.000Z,4541.02,0.36904826524750084,1062859003.9128025,270381271.87408084,14.215861,4.25952201,21.02782736,binance
COW,COW,cow,2024-12-30T09:28:23.000Z,4641.73,0.01770160663408319,0.0,496385.62529438,7.69073322,0.56584317,150.12197648,binance
BIO,Bio Protocol,bio,2024-12-23T08:13:52.000Z,4810.98,0.06550759283544387,103810564.28726779,53162451.81964809,10.01426464,1.63745329,31.43875039,binance
FARM,FARM,farm-2,2024-12-19T02:46:44.000Z,4912.43,1.6586459968672476,0.0,66490.16833865,-11.19721404,-0.05394978,-31.70422825,binance
TURBO,Based Turbo,based-turbo,2024-12-18T08:19:47.000Z,4930.88,1.1851022398203908e-05,0.0,33441.03799009,5.6278792,-0.39774656,3.08784244,binance
PENGU,Pudgy Penguins,pudgy-penguins,2024-12-17T14:00:00.000Z,4949.21,0.022113556254600104,1390066905.123544,1237930500.3307621,15.19902279,5.68828359,36.77390914,binance
VANA,Vana,vana,2024-12-13T12:20:10.000Z,5046.87,5.081752277575233,152879435.5185733,35991139.71433491,9.86725074,2.06372623,22.26602161,binance
DOGE,Dogecast (dogecast.build),dogecast-build,2024-12-02T07:31:40.000Z,5315.68,9.217848913549808e-05,52818.2742746404,115.34136953,-0.00349937,0.03602695,0.02188516,binance
BANANAS31,Banana For Scale,banana-for-scale,2024-11-20T18:19:27.000Z,5592.88,0.023826343619500832,238263436.19500834,613086028.7423614,-17.29838241,-2.04124002,67.44195183,binance
AVA,AVA,ava-sol,2024-11-20T13:48:04.000Z,5597.41,0.03745363321134316,37453411.11129822,5865621.35946601,7.89113628,1.9409898,33.66959367,binance
AIXBT,aixbt,aixbt,2024-11-20T08:37:44.000Z,5602.58,0.1576041602654239,150269847.46243855,134032370.09831628,5.40055641,2.22795022,25.98328371,binance
RIF,Rifampicin,rifampicin,2024-11-20T04:16:52.000Z,5606.93,0.002412427385149678,2411511.1220023553,1794737.02173063,5.16521387,1.22239913,12.61384218,binance
USUAL,Usual,usual,2024-11-14T12:01:40.000Z,5743.18,0.09070160932818305,96083167.21501783,92984839.13245793,22.65551203,0.75571518,41.03732859,binance
SYRUP,Maple Finance,maple-finance,2024-11-06T06:16:40.000Z,5940.93,0.5439943774943399,652921078.9049854,197830437.36392313,11.16867102,1.07622341,2.18684249,binance
PNUT,Peanut the Squirrel,peanut-the-squirrel,2024-11-04T02:00:00.000Z,5993.21,0.28904177025814204,288999019.0896079,431444091.2036423,8.28950158,3.05392313,30.72211677,binance
DOGE,Department of Gov Efficiency (deptofgovtefficiency.com),department-of-gov-efficiency,2024-10-30T15:52:16.000Z,6099.34,0.061879111374896656,0.0,254906.93982062,1.57147242,1.26965638,5.37599518,binance
TURBO,Turbo Trump,turbo-trump-info,2024-10-30T12:00:36.000Z,6103.2,0.16063595267104458,0.0,576377.61973774,287.3384538,-16.20621948,67619.29095832,binance
KAIA,Kaia,kaia,2024-10-29T05:17:50.000Z,6133.91,0.15909239160952235,964949748.9637531,62245328.32212716,3.56179946,0.86001935,3.71649726,binance
ACT,Act I : The AI Prophecy,act-i-the-ai-prophecy,2024-10-22T14:22:27.000Z,6292.83,0.045254415020911126,42912264.67796209,69390767.49101916,6.92468577,1.95518551,15.49535782,binance
LUNA,Luna by Virtuals,luna-by-virtuals,2024-10-21T06:40:11.000Z,6324.54,0.01960300945858357,19603009.45858357,244711.97279714,7.88950758,0.4498327,13.09953873,binance
LUMIA,Lumia,lumia,2024-10-17T03:48:13.000Z,6423.4,0.3365479820182901,42383272.78323066,66371564.09025009,37.0993819,1.6030093,57.9980165,binance
UNI,UNI,uni-sui,2024-10-14T08:04:20.000Z,6491.14,0.0007474037677032923,747403.7677032923,27433.90084652,32.8591417,4.15572861,51.30083919,binance
BOME,Book of Meme 3.0,book-of-meme-3,2024-10-09T05:31:05.000Z,6613.69,7.05421887518192e-10,0.0,1264448.74734468,100.87161479,88.91468055,145.39476221,binance
WCT,WalletConnect Token,walletconnect-token,2024-09-24T15:24:51.000Z,6963.79,0.34739527589458813,64685000.37157231,104397543.68850201,6.07219679,1.29621489,17.17858446,binance
BB,Bitboard,bitboardtop,2024-09-23T12:52:53.000Z,6990.33,0.0009327894845954291,4108879.9085854026,337678.72989031,2.69175868,0.00858962,-14.60136607,binance
PEPE,Based Pepe,based-pepe,2024-09-17T13:05:26.000Z,7134.12,3.5172822308377806e-08,0.0,791670.58323014,20.1346711,0.82019592,19.64174496,binance
CATI,Catizen,catizen,2024-09-13T11:21:56.000Z,7231.84,0.0913517239022688,29761478.13012015,29865388.89105704,0.73469479,1.05769195,15.86468441,binance
SLF,Self Chain,self-chain,2024-08-30T07:47:08.000Z,7571.42,0.06587716132875014,11001485.941901274,14689979.4491373,3.71307714,0.612213,-15.5490566,binance
TRUMP,TRUMP AI,trump-ai,2024-08-28T07:51:42.000Z,7619.35,0.0004462443547877379,0.0,269160.74884772,163.80407408,-2.26655957,5.13165676,binance
DOGS,DOGS,dogs,2024-08-26T12:00:00.000Z,7663.21,0.00015450463427554875,79840269.76188982,29409226.16395177,6.99758049,1.45865495,25.07101085,binance
EURI,Eurite,eurite,2024-08-26T07:13:12.000Z,7667.99,1.170835396843878,60498371.98801919,42832190.98130146,0.16140289,-0.02908839,-0.57712128,binance
DOGE,Department Of Government Efficiency (dogegov.com),department-of-government-efficiency-token,2024-08-21T13:37:59.000Z,7781.57,0.00935912369325875,9163707.563935705,1667655.90664462,10.93433446,1.10194414,10.91471253,binance
DOGE,Department Of Government Efficiency (DOGE),department-of-government-efficiency,2024-08-20T11:02:56.000Z,7808.16,0.00032596776562353997,162983.88281177,0.0,5.61499737,0.0,20.41541773,binance
DOGS,HARRIS DOGS,harris-dogs,2024-08-16T11:34:38.000Z,7903.63,1.7149046305631446e-05,0.0,417218.90406751,186.84673244,6.87671279,673.22793234,binance
PEPE,Pepe of Solana,pepe-of-solana,2024-08-02T04:45:36.000Z,8246.45,1.2074800281597179e-05,0.0,40034.56475418,16.6079306,0.07609716,20.09226006,binance
NEIRO,Neiro (First Neiro On Ethereum),first-neiro-on-ethereum,2024-08-01T17:05:30.000Z,8258.12,0.0005253638076578085,221012500.62680432,264512558.81318417,6.47361853,1.87593118,19.44003931,binance
BAR,Gold Standard,gold-standard,2024-07-30T11:48:22.000Z,8311.4,0.2977456587027498,0.0,839907.21177547,12.07918999,2.38661814,18.32661962,binance
NEIRO,Neiro (neiro.lol),neiro-sol-2,2024-07-29T12:52:31.000Z,8334.33,0.001187347992296709,1187347.9554889214,2146086.29965978,9.48048944,0.02570539,14.04059201,binance
NEIRO,Neiro Solana (neirobropump.com),neiro-sol,2024-07-29T12:42:47.000Z,8334.49,0.0005353494625650729,0.0,330507.36999035,9.5617198,-2.69324614,12.3099101,binance
NEIRO,Neiro Ethereum,neiro-eth,2024-07-29T10:41:21.000Z,8336.52,0.11969410427791946,119694104.27791946,41195714.08122996,20.18614823,-0.72169015,35.72139152,binance
MOVE,Movement,movement,2024-07-29T03:27:27.000Z,8343.75,0.15639248281749804,406620455.3254949,280050741.64640886,4.15593784,1.42068762,-1.97116502,binance
XUSD,StraitsX USD,straitsx-xusd,2024-07-24T06:09:31.000Z,8461.05,1.0001530499023616,62499964.76071206,14773854.58283946,-0.00752821,0.02633703,0.01576361,binance
HMSTR,Hamster Kombat,hamster-kombat,2024-07-15T10:14:24.000Z,8672.97,0.0007973759848210961,51331079.02285806,31133290.14313004,7.05589627,1.59832551,20.90348743,binance
STO,StakeStone,stakestone,2024-07-15T10:13:52.000Z,8672.98,0.09022687420579743,20331122.290964063,89046799.22457597,-11.61367105,2.75839059,40.70120555,binance
BABY,Babylon,babylon,2024-07-15T10:03:41.000Z,8673.15,0.05452270373634085,135601398.7943884,51084337.01757979,7.4998272,1.64526593,16.64324512,binance
ME,Magic Eden,magiceden,2024-07-15T10:03:01.000Z,8673.16,0.8259089406712532,124798196.79820576,31880490.61343018,6.26968504,1.15878083,14.06921324,binance
G,Gravity (by Galxe),gravity-token,2024-07-05T03:29:52.000Z,8919.71,0.013134978436999662,127179954.11538671,17131779.96648385,7.33025961,1.47348172,15.03459035,binance
EIGEN,EigenLayer,eigenlayer,2024-07-04T15:49:12.000Z,8931.39,1.4115758607326419,443028908.6389665,166011548.5223332,9.39606113,1.77722651,30.47104184,binance
SOPH,Sophon,sophon,2024-07-04T07:13:52.000Z,8939.98,0.03754876380516883,75097527.61033766,184445889.07420573,7.66054393,1.41104725,20.98161967,binance
SCR,Scroll,scroll,2024-07-04T07:08:51.000Z,8940.06,0.3347629787243712,63604965.95763053,29228481.76440176,13.69478123,0.85381941,27.36452289,binance
PEOPLE,MAGA,maga-peopletoken,2024-07-03T11:27:43.000Z,8959.75,1.3284298364211197e-06,0.0,265365.3232623,146.74440614,2.81107558,-94.36367859,binance
TST,Teleport System Token,teleport-system-token,2024-06-27T08:23:17.000Z,9106.82,0.002027061178533668,0.0,581180.80883991,-3.41456667,-0.55067571,8.9247208,binance
ZRO,LayerZero,layerzero,2024-06-20T05:52:25.000Z,9277.33,2.1866199593375333,262882540.3779832,79101214.20813337,12.83890706,1.18411935,23.63606869,binance
TRUMP,PEPE,pepe-trump-sbs,2024-06-18T07:05:31.000Z,9324.12,2.3095466575053808e-06,0.0,176648.50856452,192.02727709,18.2740905,723.51129295,binance
ZK,ZKsync,zksync,2024-06-16T23:10:00.000Z,9356.04,0.05905909041892376,424346841.9026042,78098548.23433235,14.88826764,1.55057502,29.56301001,binance
COOKIE,Cookie DAO,cookie,2024-06-14T09:37:53.000Z,9417.58,0.19954909942679683,109288782.97917666,69397348.7261177,7.49054458,1.81738149,24.5430025,binance
TRUMP,Donald Trump,donald-trumpcoin,2024-06-13T05:22:09.000Z,9445.84,5.612991896524464e-05,0.0,51567.75412862,-1.62812654,-1.71597714,-1.60177047,binance
IO,io.net,io-net,2024-06-06T04:47:03.000Z,9614.42,0.8399612524256296,141759538.28346583,78824093.631538,10.45832256,1.66739586,21.31805708,binance
PEPE,Pepe,pepe-solana,2024-06-04T07:52:02.000Z,9659.34,0.001006580598640989,0.0,33531.40177438,0.81864018,-0.11433854,12.56953437,binance
SHIB,SHIB ON SOLANA,shib-on-solana,2024-05-29T07:04:01.000Z,9804.14,1.3674507531687868e-05,0.0,27136014.72152049,7.79771773,1.60436344,21.18527169,binance
BB,BounceBit,bouncebit,2024-05-13T10:01:10.000Z,10185.19,0.10837820264198637,68499626.56686698,69410217.41624695,22.80208952,3.22167955,36.26317442,binance
NOT,Notcoin,notcoin,2024-05-09T15:38:45.000Z,10275.56,0.0022226412097841298,221005325.59088615,39963181.17463002,9.10318095,1.7904939,24.1494568,binance
KMNO,Kamino Finance,kamino-finance,2024-04-30T06:37:24.000Z,10500.58,0.06284586395543038,144071993.91496858,15119357.91141543,5.80159803,1.56001008,7.52088521,binance
REZ,Renzo,renzo,2024-04-23T11:11:39.000Z,10664.01,0.012928898088452328,40519966.06366474,291833143.0161081,35.24228554,-0.46045115,61.40165337,binance
OMNI,Omni Network,omni-network,2024-04-18T00:30:00.000Z,10794.71,3.7077403697541866,127800205.76401533,1009383883.7642698,130.06261489,1.7087029,160.98001669,binance
TNSR,Tensor,tensor,2024-04-08T11:24:28.000Z,11023.8,0.14188505533271037,55622935.24087627,21739551.84210546,14.96057855,1.87620635,21.11393037,binance
DODO,DODO,dodo-coin,2024-04-05T07:02:40.000Z,11100.16,0.1254452116480251,0.0,54778.46945679,31.97879122,-1.67814792,47.72965361,binance
SAGA,Saga,saga,2024-04-04T06:12:54.000Z,11124.99,0.30412248173779377,82149117.7069647,128489746.76325463,19.3427105,1.3435329,49.94739086,binance
SC,Shark Cat,shark-cat,2024-04-02T07:00:23.000Z,11172.2,0.0053758819984441476,5321561.500932626,1971061.07664853,23.53287365,-0.86034662,24.47507182,binance
ENA,Ethena,ethena,2024-03-29T04:42:08.000Z,11270.51,0.34517518344361986,2193480423.539378,1327599258.3985915,14.05077228,1.6731424,37.73870959,binance
W,Wormhole,wormhole,2024-03-29T04:25:44.000Z,11270.78,0.08026004338860974,374359893.6107998,99475778.10052255,13.19148352,1.98322496,21.23804732,binance
WIF,DOGWIFHOOD,dogwifhood,2024-03-26T05:42:40.000Z,11341.5,0.00012198992556352703,121858.19754817554,0.0,7.97525827,0.0,14.02981832,binance
BOME,BOOK OF MEME,book-of-meme,2024-03-14T11:43:10.000Z,11623.49,0.00191894154541395,132258227.31450428,83026511.88263421,7.89779334,1.56304248,27.99835658,binance
ETHFI,ether.fi,ether-fi-ethfi,2024-03-13T06:06:39.000Z,11653.1,1.197432716433913,448787966.76345396,256718805.4865668,5.06872467,1.57397,30.64208016,binance
AEVO,Aevo,aevo,2024-03-07T06:26:50.000Z,11796.76,0.11386851437222739,103474591.37478177,78002101.3610258,20.57797551,1.23566977,43.34499824,binance
BABY,Baby,baby-sol,2024-03-06T06:54:23.000Z,11820.3,1.2044571463942558e-07,118201.33274951039,0.0,7.05577503,0.0,10.97646343,binance
PORTAL,Portal,portal-gaming,2024-02-21T08:01:46.000Z,12155.18,0.07001525627530347,40082987.80053586,266556914.33321542,71.53501442,-3.46595275,91.93771793,binance
STRK,Starknet,starknet-token,2024-02-20T12:19:19.000Z,12174.89,0.15036325392460112,540441534.327017,89968170.3106648,18.69644678,1.45580431,36.56420178,binance
PIXEL,Pixels,pixels,2024-02-19T09:43:44.000Z,12201.48,0.04177690900079471,124396974.13593303,43929855.56449909,15.20529023,1.59696427,28.75254478,binance
VIRTUAL,Virtuals Protocol,virtual-protocol,2024-02-15T07:33:29.000Z,12299.65,1.7885877267072519,1171720913.8449314,454207646.13451266,6.32231969,0.36520768,16.4744204,binance
DYM,Dymension,dymension,2024-02-06T10:00:00.000Z,12513.21,0.29995332750834647,97168034.83350468,27554200.55602175,16.68738599,1.9816416,33.31689507,binance
JUP,Jupiter,jupiter-ag,2024-01-31T08:38:13.000Z,12658.57,0.49820801013294125,1497015428.8374977,100159636.54570721,7.76845602,1.58235873,15.88069637,binance
ONDO,Ondo,ondo-finance,2024-01-18T12:06:25.000Z,12967.1,0.910770205183869,2877221012.3852353,285668132.6918529,5.5307827,0.87605537,18.11185998,binance
MANTA,Manta Network,manta-network,2024-01-18T10:00:24.000Z,12969.2,0.2380657664030457,99774221.58723383,34340954.36290062,16.3786882,1.46866165,33.23689367,binance
ALT,Altlayer,altlayer,2024-01-17T12:59:16.000Z,12990.22,0.03954534440872475,148498621.63210103,635419374.3368672,34.72736376,2.66477193,54.733648,binance
XAI,Xai,xai-games,2024-01-09T15:55:00.000Z,13179.29,0.06400136097265702,107431733.56540795,66823808.41217233,17.47394557,1.82171967,32.1010738,binance
AI,Sleepless AI,sleepless-ai,2024-01-04T10:00:00.000Z,13305.21,0.1465753022930534,53481663.179397106,41906465.4130368,18.73036205,1.19528348,37.93611015,binance
AI,Any Inu,any-inu,2024-01-02T09:09:13.000Z,13354.05,2.0420803380389304e-06,0.0,53619.45388968,4.77819933,-0.5641557,-0.60906412,binance
NFP,NFPrompt,nfprompt,2023-12-27T10:19:02.000Z,13496.89,0.07440997352877497,35180768.31077735,32877444.92645675,20.66795233,0.70855534,38.57681196,binance
WIF,dogwifhat,dogwifhat,2023-12-19T09:08:50.000Z,13690.06,1.018120642573792,1016939826.4268495,786733460.1758393,0.53638793,1.08575989,22.14383401,binance
ACE,Fusionist,fusionist,2023-12-11T13:06:52.000Z,13878.09,0.5996629558694762,41197018.37082726,33714754.17068603,17.806812,1.57784882,28.08677296,binance
JTO,Jito,jito,2023-12-07T16:04:41.000Z,13971.13,1.9862019934071375,689582369.0216572,80798388.39210981,5.52057809,1.39653391,-0.46827545,binance
AEUR,Anchored Coins AEUR,anchored-coins-aeur,2023-12-05T11:27:21.000Z,14023.75,1.1573975448106077,65982776.39466353,72326.36883456,-1.08596551,-0.27108513,4.83523298,binance
JOE,Joe coin,joe-coin,2023-11-24T08:31:06.000Z,14290.69,0.06121727027844896,61217270.27844896,1633421.90462464,17.84806344,1.21865358,9.17227206,binance
PYTH,Pyth Network,pyth-network,2023-11-20T09:42:13.000Z,14385.5,0.11966114382364777,688049870.202907,68336847.14041609,10.28867798,1.89401914,26.05442107,binance
XVG,Verge (ETH),verge-eth,2023-11-03T11:48:25.000Z,14791.4,0.00020743925495036688,0.0,21109.28092986,26.4580875,0.95208054,20.49816492,binance
MEME,Memecoin,meme,2023-11-03T08:03:36.000Z,14795.15,0.0019343339787581434,97437758.90612668,49541922.6637866,12.19212167,2.29388569,30.8107226,binance
TIA,Celestia,celestia,2023-10-31T16:51:41.000Z,14858.35,1.9625238332878283,1384101899.0465856,239076720.38856688,12.41468673,1.85076255,30.10030735,binance
POL,POL (prev. MATIC),polygon-ecosystem-token,2023-10-30T14:43:57.000Z,14884.48,0.23533167718945505,2463088722.180769,229518105.4130543,11.61941406,2.04569692,31.807801,binance
JOE,Joe Coin,joe-coin-bsc,2023-10-26T14:26:44.000Z,14980.76,0.0001699464797260889,0.0,2476859.71949209,0.0,0.0,1.37305461,binance
BIGTIME,Big Time,big-time,2023-10-11T04:56:06.000Z,15350.27,0.059572376302595445,115863410.23924243,43453506.1661016,7.23700672,1.55345862,18.25627295,binance
BANANA,Banana Gun,banana-gun,2023-09-20T12:34:29.000Z,15846.63,19.751115822872084,78679847.53840998,26424044.32124003,5.25310758,1.78247455,17.4495725,binance
TRUMP,MAGA (magamemecoin.com),maga,2023-08-18T10:42:43.000Z,16640.5,0.14288449358219116,6286540.0738998735,86454.68895638,5.7743456,-0.52783415,15.35885597,binance
CYBER,Cyber,cyberconnect,2023-08-15T13:00:00.000Z,16710.21,1.6139882866938513,72407657.64901811,103362850.79929283,19.70122586,-0.07113056,38.95223674,binance
SEI,Sei,sei,2023-08-14T07:35:00.000Z,16739.62,0.34082205739208604,1893929238.2176018,804401564.1972004,21.42155391,4.34543414,30.16983766,binance
XRP,HarryPotterObamaPacMan8Inu,harrypotterobamapacman8inu,2023-08-11T16:17:34.000Z,16802.92,0.006289918866124231,513241.76160719263,0.0,10.09360626,0.0,29.19778025,binance
FDUSD,First Digital USD,first-digital-usd,2023-07-26T04:26:40.000Z,17198.76,0.9983703686611626,1450098968.1663654,11854551905.793116,-0.0116469,0.00764238,0.03601121,binance
ONE,OneFinity,onedex,2023-07-26T00:42:53.000Z,17202.49,0.05140914226329924,224742.05704736043,17.45002347,8.75322913,1.9291183,12.94800844,binance
ARKM,Arkham,arkham,2023-07-18T00:20:00.000Z,17394.87,0.5501053655430773,123828717.7837467,125474712.72712162,8.63508085,1.40825357,24.279931,binance
SOPH,SophiaVerse,sophiaverse,2023-07-06T12:35:32.000Z,17670.62,0.0037335676083443767,0.0,149379.79351466,0.87890904,-0.18670234,5.97784632,binance
NTRN,Neutron,neutron-ntrn,2023-06-13T09:53:47.000Z,18225.31,0.10832285087640281,65025669.665558934,11389821.23182357,13.58011022,0.47975087,30.242246,binance
MEME,meme (Ordinals),memesonbitcoin,2023-05-10T12:05:14.000Z,19039.12,0.0019244591350950377,0.0,141586.36329727,11.8875682,1.44167694,30.07895545,binance
CETUS,Cetus Protocol,cetus-protocol,2023-05-09T13:55:38.000Z,19061.28,0.11370015976135336,93349478.90678637,40202050.01855659,8.50075502,1.17280123,28.42449217,binance
ORDI,ORDI,ordi,2023-05-08T05:51:24.000Z,19093.35,10.082245356825519,211727152.4933359,153241316.36291218,12.1317394,1.2068544,37.00455098,binance
TURBO,Turbo,turbo,2023-05-01T00:30:00.000Z,19266.71,0.0044949562705062255,310151982.66492957,100610639.28902647,7.79480911,1.28137187,26.70417586,binance
EDU,Open Campus,open-campus,2023-04-21T08:06:26.000Z,19499.1,0.15363225712071363,63099223.81110716,14131999.0376064,11.91560972,1.28519236,21.1057151,binance
PEPE,Arbi Pepe,arbi-pepe,2023-04-19T11:44:02.000Z,19543.47,1.2905069599076085e-05,0.0,44669057.46548559,11.75033679,2.70338414,34.68318459,binance
PEPE,Pepe,pepe,2023-04-17T06:18:08.000Z,19596.91,1.2897629100391266e-05,5425902292.012225,2653901276.9759884,11.90484376,2.88495151,34.51411635,binance
CGPT,ChainGPT,chaingpt,2023-04-10T12:12:43.000Z,19759.0,0.11060945114205897,76044787.2113935,29703354.91182607,7.84394779,1.71394294,24.17314512,binance
ARB,Arbitrum,arbitrum,2023-03-23T12:50:11.000Z,20190.37,0.4149901698758805,2059695103.5915155,607796593.0684805,12.09836778,1.79159218,30.83608135,binance
TAO,Bittensor,bittensor,2023-03-06T05:20:00.000Z,20605.87,391.7635050846132,3677658356.9890265,291461470.7503301,8.8783817,1.18774069,22.31600042,binance
FORM,Four,binaryx-new,2023-02-22T12:30:00.000Z,20886.71,3.262403417199582,1245805038.100283,61588239.89626393,10.31406397,0.12395542,15.07150211,binance
MOVE,BlueMove,bluemove,2023-02-14T03:21:38.000Z,21087.85,0.011053312917573182,2404095.5595721668,811.67650787,8.6681634,-0.14746538,14.17389404,binance
BLUR,Blur,blur-token,2023-02-13T15:07:24.000Z,21100.08,0.08449550229846713,204327225.94659105,31117856.49994574,10.0284351,1.38175651,21.12842926,binance
THE,THENA,thena,2023-01-06T07:00:00.000Z,22020.21,0.2922805027196877,31250815.52857879,37827449.70718274,15.05742423,1.5935386,16.36154734,binance
BONK,Bonk,bonk1,2022-12-30T06:58:50.000Z,22188.23,2.2996705529269106e-05,1858500981.2787764,852303595.2909918,-0.21753191,1.5207916,40.78076973,binance
HOOK,Hooked Protocol,hooked-protocol,2022-12-01T14:40:31.000Z,22876.53,0.1262570026483611,31385226.38547414,36660074.1286921,12.55955917,5.48508429,28.98365223,binance
ACX,Across Protocol,across-protocol,2022-11-09T23:45:27.000Z,23395.45,0.17534079028085864,86556377.16362563,38288307.63642793,9.12338362,1.26156063,33.22317848,binance
HFT,Hashflow,hashflow,2022-10-31T07:02:20.000Z,23628.17,0.09013323036386404,52801173.710396655,42084155.55739294,2.83967303,0.49981425,-24.35923566,binance
PEPE,PepePAD,pepepad-vip,2022-10-31T04:08:33.000Z,23631.07,1.2920889629907447e-05,0.0,3701212.4866148,11.82957544,3.00863321,34.3489537,binance
APT,Aptos,aptos,2022-10-19T01:50:25.000Z,23921.37,5.013656042352088,3238077071.4251184,316995901.13663316,7.14729286,1.05069742,14.94221862,binance
HYPER,HyperChainX,hyperchainx,2022-10-18T08:13:55.000Z,23938.98,3.723039015286689e-05,21487.111371038318,0.0,-9.69212488,0.0,-7.94285032,binance
ALT,AptosLaunch Token,aptoslaunch-token,2022-10-04T09:02:24.000Z,24274.17,0.0027040941506741973,0.0,111317.29060105,-12.93363678,-6.95853798,34.96959695,binance
ID,SPACE ID,space-id,2022-09-16T05:55:56.000Z,24709.28,0.17696475253287455,190146283.12321886,26347501.47472277,8.80161627,1.44173035,18.40104235,binance
RED,RedStone,redstone,2022-09-05T10:28:27.000Z,24968.73,0.3450887641899751,96624853.97319302,16703300.29736697,7.14052894,1.82894941,27.2043496,binance
LISTA,Lista DAO,lista-dao,2022-08-23T12:33:20.000Z,25278.65,0.2643785185855792,56701038.657350525,41899850.25841904,16.09710311,1.64444283,27.94110209,binance
RDNT,Radiant Capital,radiant-capital,2022-07-21T06:25:00.000Z,26076.79,0.023357879991331064,30164066.58592041,14155292.77526005,11.77589112,1.71607296,27.18744579,binance
SUI,Sui,sui,2022-07-12T08:03:11.000Z,26291.15,3.4694600635220842,11987037438.509007,2133992291.8614998,3.22177307,0.38374065,21.5130797,binance
OP,Optimism,optimism-ethereum,2022-05-31T16:19:46.000Z,27290.88,0.686684555011341,1203199626.101752,440400156.2972662,13.21819411,0.89843572,29.63994247,binance
POLYX,Polymesh,polymesh,2022-05-30T12:38:57.000Z,27318.56,0.14295812574989117,139982877.06730834,7910533.85240814,8.75252669,1.43445777,16.09447802,binance
LUNA,Terra,terra-luna-v2,2022-05-26T12:47:26.000Z,27414.42,0.17132368575498824,121637150.90392376,51065032.09461875,8.01441579,1.10161747,16.90337219,binance
QUICK,Quickswap [New],quickswap-new,2022-05-05T05:41:26.000Z,27925.52,0.02264664843063785,17338605.1819267,10280347.95638719,8.77366581,0.88906874,29.63865634,binance
REI,REI Network,rei-network,2022-04-27T14:07:00.000Z,28109.09,0.0177553060609567,16867540.757908866,6519121.95373858,5.82619454,1.56678593,15.32896428,binance
COW,CoW Protocol,cow-protocol,2022-04-01T08:42:05.000Z,28738.51,0.358626430848849,175758009.5340449,20731342.08532142,5.8042544,1.69577481,27.28236565,binance
STG,Stargate Finance,stargate-finance,2022-03-18T04:06:21.000Z,29079.1,0.1699178904982306,34720752.841606036,10331615.40642505,5.5348981,1.56981823,13.53254265,binance
APE,ApeCoin,apecoin-ape,2022-03-17T12:26:36.000Z,29094.76,0.6797953312231081,511648985.9349991,61106733.48866158,6.28301431,1.64469594,14.64140122,binance
GMT,GMT,green-metaverse-token,2022-03-09T12:47:15.000Z,29286.42,0.05177854551288154,154751391.33094224,38156402.71343229,9.683518,1.1471983,19.99103985,binance
ALPINE,Alpine F1 Team Fan Token,alpine-f1-team-fan-token,2022-02-21T12:02:04.000Z,29671.17,0.9163319765541253,15316355.406766102,13447446.75724615,7.20679825,1.70988088,35.35020084,binance
MAV,Maverick Protocol,maverick-protocol,2022-02-10T08:23:09.000Z,29938.82,0.04801567496083645,31525252.22731942,78271834.30759712,17.6440932,0.89248935,10.06035032,binance
AXL,Axelar,axelar,2022-02-02T02:48:14.000Z,30136.4,0.3772658258175178,376901121.78751415,53705090.98288455,10.32444451,1.86138778,20.82549027,binance
T,Threshold,threshold,2022-01-31T08:26:28.000Z,30178.77,0.01695691023983456,171778136.882293,18534176.9190097,4.91228692,1.32174522,10.74841034,binance
LOKA,League of Kingdoms Arena,league-of-kingdoms,2022-01-11T15:44:13.000Z,30651.47,0.08662780236387788,32773098.50675664,55001008.88725784,7.20931116,0.39558199,62.84583622,binance
GLMR,Moonbeam,moonbeam,2022-01-11T12:55:50.000Z,30654.28,0.07542326777889075,74929031.7008214,11322286.49440296,7.66797792,0.97740619,23.85810114,binance
VOXEL,Voxies,voxies,2021-12-14T12:02:47.000Z,31327.16,0.058712880278329965,14282640.907953866,24403718.25924946,10.60358924,3.13637143,29.04149015,binance
USTC,Terra Classic USD (Wormhole),terrausd-wormhole,2021-12-06T04:20:34.000Z,31526.87,0.013814176418814607,0.0,2480553.88977302,4.85342526,1.31219044,10.63079921,binance
SANTOS,Santos FC Fan Token,santos-fc-fan-token,2021-12-01T11:03:09.000Z,31640.16,2.1124536280111603,24390519.06457191,9721650.86369637,5.96717743,1.0018821,15.6905438,binance
BICO,Biconomy,biconomy,2021-12-01T10:12:17.000Z,31641.0,0.10837561666646574,104597837.99617895,19893284.44212438,7.35666237,1.05804622,23.05658335,binance
PEOPLE,ConstitutionDAO,constitutiondao,2021-11-19T03:12:15.000Z,31936.0,0.022689675914126906,114812876.2053169,83304068.41544776,10.58310517,1.70777022,31.09105551,binance
MAGIC,Treasure,magic-token,2021-11-18T11:20:24.000Z,31951.87,0.18888313201329865,58157460.34050831,120044489.81541348,1.48446917,0.64986101,56.66027156,binance
ENS,Ethereum Name Service,ethereum-name-service,2021-11-09T01:31:29.000Z,32177.68,22.32211217705736,814635147.0710613,166906287.2607729,7.7576782,1.34610287,21.94218493,binance
PORTO,FC Porto Fan Token,fc-porto,2021-11-08T06:40:54.000Z,32196.53,0.8536809682519628,9670674.167210227,4926879.51668194,7.24013646,1.14704641,19.71912397,binance
PHB,Phoenix,phoenix-global-new,2021-11-05T14:03:22.000Z,32261.15,0.5272390232454983,30140881.458476573,29505131.31785572,12.35977471,0.73549672,29.12974558,binance
GNS,Gains Network,gains-network,2021-11-01T10:00:04.000Z,32361.21,1.9492846320720865,56397875.90135477,9126614.0168777,17.4331357,1.02619783,29.78785439,binance
ACA,ACA Token,aca-token,2021-11-01T06:57:00.000Z,32364.26,0.02800615959384561,1294058.9450536573,70731.60623194,6.43911022,1.06297789,15.5063393,binance
WLD,Worldcoin,worldcoin-org,2021-10-28T15:31:43.000Z,32451.68,1.0864074680638505,1874580277.0446398,509709165.4708372,12.722127,1.13983271,25.10106359,binance
SSV,ssv.network,ssv-network,2021-10-22T05:12:07.000Z,32606.01,9.340222161588152,123961769.45318937,39150299.47826482,11.39435614,1.58057718,32.335637,binance
LAZIO,S.S. Lazio Fan Token,lazio-fan-token,2021-10-21T11:21:12.000Z,32623.85,0.8239382573139615,9823749.035087727,4870688.07721918,5.23179725,0.95051819,15.57962264,binance
ASTR,Astar,astar,2021-10-19T09:53:03.000Z,32673.32,0.025141281057469864,204465049.17309982,13058522.31227215,9.98783832,0.80762559,10.83145912,binance
OSMO,Osmosis,osmosis,2021-09-30T16:58:27.000Z,33122.23,0.17189129265990022,126530428.45773727,10667310.86640233,9.01070306,1.23168508,22.7088776,binance
SOLV,Solv Protocol,solv-protocol,2021-09-27T03:14:13.000Z,33207.97,0.046264828769147975,68592235.13313879,49681045.28354374,10.16279745,1.87317539,9.30057622,binance
SYN,Synapse,synapse-2,2021-09-26T08:56:12.000Z,33226.27,0.127048345718857,23156910.185249355,29374980.47422808,10.26437842,2.82717909,46.18675167,binance
GMX,GMX,gmx,2021-09-13T12:11:50.000Z,33535.01,13.254823755682233,135297506.13791642,119183002.93343449,15.48152271,0.9501615,-6.1876722,binance
XAI,SideShift Token,sideshift-token,2021-09-07T13:44:54.000Z,33677.46,0.15899725660273517,22943262.470493454,27506.71792228,1.23523931,0.16262474,1.73904855,binance
ACT,Acet,acet,2021-09-07T00:47:42.000Z,33690.41,0.06163271623813256,77536116.94611132,182374.46803511,-0.27764697,0.20825191,4.36498471,binance
AGLD,Adventure Gold,adventure-gold,2021-09-02T10:19:07.000Z,33800.89,0.7935553267435682,66269806.12991071,24088728.01601196,5.74699775,1.38318958,14.79685833,binance
TON,Toncoin,toncoin,2021-08-26T13:40:22.000Z,33965.54,2.991812058651754,7387917925.739063,455636489.5629152,3.60449092,1.02417829,8.32674086,binance
JOE,JOE,joe,2021-08-25T21:39:22.000Z,33981.55,0.17258116998822998,68711360.19136965,25305117.88585729,19.18003063,1.11561289,22.58954185,binance
D,DAR Open Network,mines-of-dalarnia,2021-08-24T00:00:00.000Z,34027.21,0.03877908874567647,25123978.969989162,9946246.58775427,11.42552651,4.01459027,22.30758287,binance
SPELL,Spell Token,spell-token,2021-08-17T00:00:00.000Z,34195.21,0.0005151932283854262,84290251.91588262,18042948.32979541,7.94551181,1.3360934,15.80241733,binance
RARE,SuperRare,superrare,2021-08-17T00:00:00.000Z,34195.21,0.05708441310650839,47053178.616992466,23319332.15450417,8.27658767,1.63602375,17.42274022,binance
HIGH,Highstreet,highstreet,2021-08-12T00:00:00.000Z,34315.21,0.6166482071219314,46345833.83164452,13103309.36474531,12.43012252,1.0167676,23.46764368,binance
ORCA,Orca,orca,2021-08-05T00:00:00.000Z,34483.21,2.2703031034887395,136121160.2276697,27821203.56948777,8.36624919,1.28289381,21.09063074,binance
DYDX,dYdX,dydx-chain,2021-08-03T00:00:00.000Z,34531.21,0.633465370271548,477180324.93175346,28482155.17680145,10.11599921,1.85524926,20.58773925,binance
CHESS,Tranchess,tranchess,2021-07-20T00:00:00.000Z,34867.21,0.07509276603368384,15155614.700991662,11919742.66039488,7.77301337,1.34772732,-15.29195006,binance
C98,Coin98,coin98,2021-07-15T00:00:00.000Z,34987.21,0.05394119672549349,52158125.58865663,30023213.36213471,12.70724791,0.4094721,32.22731352,binance
ALT,Alitas,alitas,2021-07-14T00:00:00.000Z,35011.21,0.03868094903000738,4641713.883600885,233633.26517142,30.04613666,0.68870783,47.00937967,binance
FLOKI,FLOKI,floki-inu,2021-07-09T00:00:00.000Z,35131.21,9.961924511537927e-05,950497765.7158182,235119029.17252544,3.5442989,0.92850286,35.7861133,binance
XEC,eCash,ecash,2021-07-08T00:00:00.000Z,35155.21,2.12398886870795e-05,422478875.38999534,15012098.36920887,6.73602092,1.46913908,16.59612283,binance
YGG,Yield Guild Games,yield-guild-games,2021-06-28T00:00:00.000Z,35395.21,0.17900122869485813,94669139.9789364,31269529.79078225,8.84484966,1.31500374,23.48003303,binance
IMX,Immutable,immutable-x,2021-06-24T00:00:00.000Z,35491.21,0.5116427155283382,958994361.5863615,52741825.47438031,10.5519756,1.55128676,18.66431303,binance
SUN,Sun [New],sun-token,2021-06-21T00:00:00.000Z,35563.21,0.018293838755403535,350260963.5392192,48082160.98937305,3.47382222,1.01022734,6.18203234,binance
FORM,Formation Fi,formation-fi,2021-06-11T00:00:00.000Z,35803.21,0.00024994156968552163,19933.59375625295,0.0,0.12200231,0.0,-5.76558502,binance
BABY,BabySwap,babyswap,2021-06-08T00:00:00.000Z,35875.21,0.000297152962296733,184501.07379207382,1312.09162476,3.54032273,1.07668793,-3.11076451,binance
ATA,Automata Network,automata-network,2021-06-01T00:00:00.000Z,36043.21,0.05340832447436593,31392987.368645538,8281572.16337789,9.92232748,0.57707347,13.39709263,binance
GTC,Gitcoin,gitcoin,2021-05-25T00:00:00.000Z,36211.21,0.2871887157274823,27680606.16538383,8870720.05890295,11.30671143,-0.63808317,27.39356946,binance
CITY,Manchester City Fan Token,manchester-city-fan-token,2021-05-25T00:00:00.000Z,36211.21,0.9195542226665806,9231447.140844045,5652424.55470448,4.81180248,-0.1273638,11.6345061,binance
RUNE,Rune,rune,2021-05-18T00:00:00.000Z,36379.21,1.537835394728299,7646.6210758026255,1795076.07060425,6.09880703,1.12694431,15.66608563,binance
CVX,Convex Finance,convex-finance,2021-05-18T00:00:00.000Z,36379.21,3.219782319594997,316477662.6541507,31156759.82790545,11.23472617,0.75768103,48.09280674,binance
ACE,ACENT,acent,2021-05-13T00:00:00.000Z,36499.21,0.0005782434493687377,413478.74692946544,177977.85762203,8.03297643,2.88674136,1.94954409,binance
METIS,Metis,metisdao,2021-05-08T00:00:00.000Z,36619.21,18.161841026389588,116917475.32132751,18045972.89372129,13.17910151,1.69363971,25.50483347,binance
PENDLE,Pendle,pendle,2021-04-29T00:00:00.000Z,36835.21,4.088059742324618,673120862.8792623,112013994.63191609,6.04652417,2.44532714,24.87677714,binance
KNC,Kyber Network Crystal v2,kyber-network-crystal-v2,2021-04-26T00:00:00.000Z,36907.21,0.32859022828136997,61578892.35109861,11125233.6113858,8.48352713,2.85996595,16.52754806,binance
FORTH,Ampleforth Governance Token,ampleforth-governance-token,2021-04-21T00:00:00.000Z,37027.21,2.546226369470972,36521935.818344295,6974328.83382952,2.85162654,0.67251134,11.83603086,binance
PYR,Vulcan Forged (PYR),vulcan-forged-pyr,2021-04-19T00:00:00.000Z,37075.21,1.0759927008317436,46332161.97183489,10441968.95855348,8.62383381,0.9877789,22.08694671,binance
MOVR,Moonriver,moonriver,2021-04-19T00:00:00.000Z,37075.21,6.431323137549487,62805504.13574346,9641577.3594951,9.93927434,1.71910245,22.31178981,binance
QI,BENQI,benqi,2021-04-19T00:00:00.000Z,37075.21,0.006701766772893643,47011664.76761215,3908767.81734101,6.89136688,0.2767724,15.16488013,binance
MBOX,MOBOX,mobox,2021-04-08T00:00:00.000Z,37339.21,0.05937211606904141,29705203.58267314,23683516.927653,9.80779951,1.36622029,28.18870494,binance
TKO,Toko Token,tokocrypto,2021-04-07T00:00:00.000Z,37363.21,0.1528452809887042,25779992.93530781,3203154.74064468,12.42132074,0.68927693,21.1648796,binance
TLM,Alien Worlds,alien-worlds,2021-04-06T00:00:00.000Z,37387.21,0.0052113508091878044,30513730.215484694,18099646.23505266,11.52086586,1.18687467,26.45792097,binance
PUNDIX,Pundi X (New),pundix-new,2021-03-31T00:00:00.000Z,37531.21,0.324828419930595,83931291.87682019,14280504.56831437,3.88384953,1.15722071,10.03004204,binance
ICP,Internet Computer,internet-computer,2021-03-23T00:00:00.000Z,37723.21,5.522690706838382,2956380652.7301826,124633799.39687487,5.56963534,1.08843943,16.27599259,binance
STRK,Strike,strike,2021-03-22T00:00:00.000Z,37747.21,6.249516932174525,35093283.04250688,26606106.4887095,-0.02743328,0.65534899,-21.06147233,binance
USDP,USDP Stablecoin,usdp,2021-03-19T00:00:00.000Z,37819.21,0.9999293037749778,0.0,1871883.47973895,-0.0324454,0.0189086,-0.04080474,binance
ALICE,MyNeighborAlice,myneighboralice,2021-03-10T00:00:00.000Z,38035.21,0.46466428766025314,46466428.76602531,26141218.37422784,8.32400051,1.50368627,19.33509183,binance
ILV,Illuvium,illuvium,2021-03-08T00:00:00.000Z,38083.21,12.464078238677452,73690835.7979752,18619574.55632646,11.22836011,1.76039045,23.49438749,binance
MINA,Mina,mina,2021-03-02T00:00:00.000Z,38227.21,0.20021162650777324,248559463.01960897,32532528.69887269,9.81007893,1.69971417,20.26389071,binance
EPIC,Epic Chain,epic-chain,2021-02-28T00:00:00.000Z,38275.21,0.9475152985288636,21529213.370101634,14591399.11122197,9.70907519,-1.1372113,26.71590301,binance
ALCX,Alchemix,alchemix,2021-02-27T00:00:00.000Z,38299.21,8.813044908673769,21605318.003480703,3505328.60827793,8.24059786,1.71664935,22.89477374,binance
AUCTION,Bounce Token,bounce-token,2021-02-26T00:00:00.000Z,38323.21,10.087271972343155,61433421.39412417,21974345.84818709,6.87071004,1.3402521,16.80781751,binance
ACM,AC Milan Fan Token,ac-milan-fan-token,2021-02-22T00:00:00.000Z,38419.21,0.8293906667791991,6821595.579064227,2459864.34962312,5.98574239,0.3738972,9.70441838,binance
MASK,Mask Network,mask-network,2021-02-21T00:00:00.000Z,38443.21,1.344402773418475,134440277.34184748,56831489.45044419,4.3520443,1.05792076,13.12691897,binance
RAY,Raydium,raydium,2021-02-19T00:00:00.000Z,38491.21,2.8763064196790316,771277752.4580455,158305106.35998538,14.87712585,2.68622478,40.85908781,binance
QI,QiSwap,qiswap,2021-02-18T00:00:00.000Z,38515.21,0.0016847480850122254,0.0,131310.48745202,-1.33325352,-1.31031331,-2.385813,binance
BANANA,ApeSwap,apeswap-finance,2021-02-17T00:00:00.000Z,38539.21,5.521378649652714e-09,2.0313120690641604,44.96754093,1.4263219,-0.01447781,33.01988047,binance
ID,Everest,everest,2021-02-17T00:00:00.000Z,38539.21,0.014879963081173836,1736491.6915729868,0.0,5.63273147,-1.08583318,38.10709401,binance
JASMY,JasmyCoin,jasmy,2021-02-11T00:00:00.000Z,38683.21,0.01496906142932243,740145237.5403792,92194629.19649304,11.37374598,1.33796086,24.08828409,binance
XNO,Xeno Token,xeno-token,2021-02-02T00:00:00.000Z,38899.21,0.0001050442252313451,124326.03207802051,53843.84859048,0.95742034,0.03866548,-17.95511196,binance
FLOW,Flow,flow,2021-01-27T00:00:00.000Z,39043.21,0.38555739003301687,614897412.9295515,48394632.65027511,8.06482136,1.3947752,19.4277078,binance
SUPER,SuperVerse,superverse,2021-01-20T00:00:00.000Z,39211.21,0.762174372185507,461493493.5833577,31949708.61382138,5.28642254,1.11832796,20.81307013,binance
QUICK,QuickSwap [Old],quickswap,2021-01-07T00:00:00.000Z,39523.21,24.06139014716203,18421752.126709513,12417.24019886,7.00410639,0.33812897,21.83727893,binance
BIFI,BiFi,bifi,2020-12-29T00:00:00.000Z,39739.21,0.0019574759076740065,929275.6066218967,77433.84391096,1.46148805,-1.03038506,8.72096137,binance
SFP,SafePal,safepal,2020-12-28T00:00:00.000Z,39763.21,0.5100834342603406,255041717.13017032,8823302.80039261,7.43541297,0.97409556,14.68748159,binance
1INCH,1inch Network,1inch,2020-12-25T00:00:00.000Z,39835.21,0.31509760328485387,439412138.3952526,309342247.5096671,42.76252802,4.14145969,82.44517557,binance
POND,Marlin,marlin,2020-12-22T00:00:00.000Z,39907.21,0.008932410524439294,73195290.92782179,8968321.88091906,6.35556348,2.15044168,17.02351776,binance
GRT,The Graph,the-graph,2020-12-17T00:00:00.000Z,40027.21,0.09947247805275562,982311676.596641,76685754.94265607,8.17369587,0.78490154,21.41490359,binance
VANRY,Vanar Chain,vanar,2020-12-16T00:00:00.000Z,40051.21,0.03640282154126853,70478231.63592461,28949938.10863046,20.49380851,2.2116325,45.09489052,binance
LDO,Lido DAO,lido-dao,2020-12-15T00:00:00.000Z,40075.21,0.8665932927465486,777268328.1223856,156786280.4102152,7.96077523,1.20361689,19.77211875,binance
FIDA,Solana Name Service (previously Bonfida),solana-name-service,2020-12-14T00:00:00.000Z,40099.21,0.08668769453746047,85899829.61858834,32246939.13773784,7.83891536,1.84416219,12.92691798,binance
API3,API3,api3,2020-11-21T00:00:00.000Z,40651.21,0.7413605147500003,64069842.0957932,41103736.27785816,11.82897448,6.36289818,25.29194666,binance
TRU,TrueFi,truefi-token,2020-11-19T00:00:00.000Z,40699.21,0.030045098285457827,39940321.77156963,20280941.84663486,13.19794872,0.94785877,20.73336344,binance
ROSE,Oasis,oasis-network,2020-11-12T00:00:00.000Z,40867.21,0.029734004207131442,220088305.51255566,25285692.48056985,10.48401555,2.10555953,27.79456225,binance
CFX,Conflux,conflux-network,2020-11-11T00:00:00.000Z,40891.21,0.09767145765880808,498483221.1367416,106654944.70931268,22.4190971,2.95407477,35.71671748,binance
WOO,WOO,wootrade,2020-10-23T00:00:00.000Z,41347.21,0.08064937192053928,153979294.76684412,18002968.88031507,9.13366915,0.92642158,23.93379028,binance
AUDIO,Audius,audius,2020-10-20T00:00:00.000Z,41419.21,0.0622960020961431,83398777.47841173,15598755.03410906,6.52396371,1.29934589,13.90242962,binance
LQTY,Liquity,liquity,2020-10-16T00:00:00.000Z,41515.21,1.2646423486632727,120201647.89967193,47750953.22397705,0.88098129,0.71821721,6.29279416,binance
DEXE,DeXe,dexe,2020-10-07T00:00:00.000Z,41731.21,7.768282174176497,650464878.5713624,30153921.83118292,0.60368072,0.91971807,4.41805694,binance
BIFI,Beefy,beefy-finance,2020-10-06T00:00:00.000Z,41755.21,175.18430287163787,14014744.229731029,701716.39751838,7.59271349,1.46600711,15.91868045,binance
TRU,Truebit,truebit,2020-10-05T00:00:00.000Z,41779.21,0.15741851737425427,0.0,67686.89955162,4.85930066,-0.05266109,18.83800468,binance
XVS,Venus,venus,2020-10-05T00:00:00.000Z,41779.21,6.579809620240563,106567251.93970399,13953559.90422549,7.46551755,1.42352018,14.15303158,binance
AAVE,Aave,aave,2020-10-02T00:00:00.000Z,41851.21,307.876305043781,4677844631.039624,809706597.31625,2.20046644,0.85981099,17.58105366,binance
APE,APEcoin.dev,apecoin,2020-10-01T00:00:00.000Z,41875.21,0.6791493701507562,0.0,19598.49089407,6.23352292,1.66322844,14.44995207,binance
DODO,DODO,dodo,2020-09-29T00:00:00.000Z,41923.21,0.04521060559796201,32809490.395166196,11242452.55756198,7.1982072,1.51603793,24.30672865,binance
INJ,Injective,injective,2020-09-29T00:00:00.000Z,41923.21,12.906488014772313,1290273679.694742,274545302.93842685,14.728214,1.5876182,19.34912893,binance
FLM,Flamingo,flamingo,2020-09-29T00:00:00.000Z,41923.21,0.02942538397290263,16213524.410386333,5562947.51325588,5.979961,2.25491728,-5.0498333,binance
CAKE,PancakeSwap,pancakeswap,2020-09-25T00:00:00.000Z,42019.21,2.530683243410626,874162034.598979,131539538.51112719,5.38290177,1.40189185,14.02145708,binance
USTC,TerraClassicUSD,terrausd,2020-09-21T00:00:00.000Z,42115.21,0.013809318335240928,77247192.6304538,14688485.68441394,4.79237908,1.18464432,10.79643366,binance
UNI,Uniswap,uniswap,2020-09-17T00:00:00.000Z,42211.21,8.850475041275443,5564646232.257453,937071127.8220053,7.14317758,0.92619665,28.91257427,binance
DEGO,Dego Finance,dego-finance,2020-09-17T00:00:00.000Z,42211.21,1.1419764727392494,23978322.81961328,20305790.81065987,2.48099963,-0.04293324,15.06298839,binance
GALA,Gala,gala,2020-09-16T00:00:00.000Z,42235.21,0.017654288486414888,798400383.5834846,181712615.68379915,11.55509565,1.49817512,28.52655849,binance
BAKE,BakeryToken,bakerytoken,2020-09-15T00:00:00.000Z,42259.21,0.08487724522241204,24594921.585916344,20366552.08712729,8.85735044,2.26546563,-12.56373432,binance
GHST,Aavegotchi,aavegotchi,2020-09-14T00:00:00.000Z,42283.21,0.4556657859690309,24035368.29834672,9697219.82889497,10.69059405,0.76587514,24.92443754,binance
PHA,Phala Network,phala-network,2020-09-13T00:00:00.000Z,42307.21,0.11213556720544068,89980221.3849554,26959428.10759564,8.63390866,0.6639998,16.98047666,binance
ACH,Alchemy Pay,alchemy-pay,2020-09-09T00:00:00.000Z,42403.21,0.02195823812747966,203121315.76534256,59310617.98001806,9.86932351,1.14562332,23.21741682,binance
PERP,Perpetual Protocol,perpetual-protocol,2020-09-08T00:00:00.000Z,42427.21,0.2834613267973645,18709058.980534896,14283735.20925427,8.29101662,1.42368848,28.20956828,binance
AMP,Amp,amp,2020-09-08T00:00:00.000Z,42427.21,0.0037999442024492947,320075406.9276883,22595797.46801194,7.23323212,0.58557922,8.32567955,binance
BEL,Bella Protocol,bella-protocol,2020-09-07T00:00:00.000Z,42451.21,0.2958987502278427,23671900.018227413,24937257.95991649,14.96444929,1.03649008,28.05425604,binance
EGLD,MultiversX,multiversx-egld,2020-09-04T00:00:00.000Z,42523.21,15.59831499888721,443293981.307534,32729513.91807713,7.03206398,1.12628432,17.86547192,binance
TON,TON Token,tontoken,2020-09-04T00:00:00.000Z,42523.21,1.9513885989786244,0.0,394178.02793193,-32.39413594,-34.35271057,36.97219089,binance
FARM,Harvest Finance,harvest-finance,2020-09-03T00:00:00.000Z,42547.21,29.093183957759976,19555956.784955196,1778589.62043706,7.74245387,1.53943994,16.77868426,binance
RAD,Radworks,radworks,2020-09-01T00:00:00.000Z,42595.21,0.6722238503704896,34670603.11977758,15889050.81786989,5.88304079,0.94100854,9.71759525,binance
AXS,Axie Infinity,axie-infinity,2020-08-31T00:00:00.000Z,42619.21,2.535746639208205,420918644.81341517,51754487.77771512,8.81536605,0.85192271,18.11713781,binance
ACA,Acala Token,acala,2020-08-28T00:00:00.000Z,42691.21,0.028000316241392185,32667035.428288773,14265262.33714025,6.47661294,1.33639272,15.61031564,binance
SUSHI,SushiSwap,sushiswap,2020-08-28T00:00:00.000Z,42691.21,0.7443741502037629,204960515.66838178,72645137.50264826,10.21551477,1.04259523,26.65644371,binance
DOT,Polkadot,polkadot-new,2020-08-19T00:00:00.000Z,42907.21,4.023812733239108,6422984858.985211,528122302.4681295,8.72431569,1.00434166,20.68559434,binance
LAYER,UniLayer,unilayer,2020-08-19T00:00:00.000Z,42907.21,0.016202888239255798,517175.78533566,809.76399339,6.03041385,0.01824022,-12.24290896,binance
CRV,Curve DAO Token,curve-dao-token,2020-08-14T00:00:00.000Z,43027.21,0.6438669481550549,877841894.3185818,270315337.4150314,12.01499519,0.54058812,29.62097815,binance
OM,MANTRA,mantra,2020-08-11T00:00:00.000Z,43099.21,0.23269203963208399,229449527.69684136,122009634.596951,7.75268241,1.47426605,13.13582266,binance
NEAR,NEAR Protocol,near-protocol,2020-08-11T00:00:00.000Z,43099.21,2.6012253463135777,3205703292.1393943,297023833.36572534,8.11980355,1.22998072,22.89480592,binance
SAND,The Sandbox,the-sandbox,2020-08-05T00:00:00.000Z,43243.21,0.29604535048297204,761810300.2137067,107527387.73933482,7.98396826,1.41746882,22.92103788,binance
DIA,DIA,dia,2020-08-04T00:00:00.000Z,43267.21,0.44835223980037386,53657049.27898248,7330060.8649637,13.49168834,1.27467878,21.35540649,binance
SHIB,Shiba Inu,shiba-inu,2020-08-01T00:00:00.000Z,43339.21,1.366799793678674e-05,8053827004.068796,471222323.61762655,7.90625946,1.97366651,21.06835808,binance
TWT,Trust Wallet Token,trust-wallet-token,2020-07-30T00:00:00.000Z,43387.21,0.7649074207214329,318698600.3528429,16130424.5627661,4.13037485,0.92626147,10.23786231,binance
FIS,StaFi,stafi,2020-07-21T00:00:00.000Z,43603.21,0.11684974394270238,13503168.604808515,26060219.682665,5.40526246,-0.12159128,53.36539466,binance
FIO,FIO Protocol,fio-protocol,2020-07-19T00:00:00.000Z,43651.21,0.016054995703827086,13069005.800464962,8398679.96135911,5.70967085,1.51379641,28.67722729,binance
YFI,yearn.finance,yearn-finance,2020-07-18T00:00:00.000Z,43675.21,5736.9838195163675,193963598.38280573,27854259.6541843,4.50037644,0.7021755,13.55012897,binance
AVAX,Avalanche,avalanche,2020-07-13T00:00:00.000Z,43795.21,21.231805703341905,8965666814.829096,716247103.2327255,7.25119264,1.36648621,20.17363447,binance
SLP,Smooth Love Potion,smooth-love-potion,2020-07-08T00:00:00.000Z,43915.21,0.0015100558023810212,54308073.66541253,10342193.40385819,9.85990393,0.7019581,21.47437176,binance
BAR,FC Barcelona Fan Token,fc-barcelona-fan-token,2020-06-24T00:00:00.000Z,44251.21,1.1289352271378836,13022503.792497959,6436567.48424574,6.8949643,1.07389772,8.5310816,binance
DF,dForce,dforce,2020-06-22T00:00:00.000Z,44299.21,0.030565049507005147,30562792.175018966,6521289.341,14.84263604,2.6742584,11.1391869,binance
COMP,Compound,compound,2020-06-16T00:00:00.000Z,44443.21,48.26190016600433,453275113.0547602,103693751.24159041,5.07734927,1.26864584,16.72891264,binance
SKL,SKALE,skale-network,2020-06-12T00:00:00.000Z,44539.21,0.021016369837019346,124461099.94653611,73530177.42471616,11.45765348,2.01444145,23.52688711,binance
RENDER,Render,render,2020-06-11T00:00:00.000Z,44563.21,3.782850459318669,1960003652.0107753,161402628.60857347,9.57164626,1.10660127,21.06326546,binance
PSG,Paris Saint-Germain Fan Token,paris-saint-germain-fan-token,2020-06-11T00:00:00.000Z,44563.21,1.6138474638016642,15968906.071147537,7589960.74511638,8.2343414,0.1465638,11.50632006,binance
KDA,Kadena,kadena,2020-05-31T00:00:00.000Z,44827.21,0.457420801675517,148130803.48593843,16507267.26987016,11.2833262,0.52134244,21.08873322,binance
AR,Arweave,arweave,2020-05-27T00:00:00.000Z,44923.21,6.475475879250718,425130959.9963279,67042947.9900083,11.10175162,1.23717595,29.5777126,binance
UMA,UMA,uma,2020-05-25T00:00:00.000Z,44971.21,1.200082854266301,105896325.5218935,21194529.42423175,6.73658896,1.40934684,13.59655516,binance
CELO,Celo,celo,2020-05-22T00:00:00.000Z,45043.21,0.3282417355068297,189076925.0808235,35110944.70382561,7.45666237,1.37071269,22.99157239,binance
SCRT,Secret,secret,2020-05-19T00:00:00.000Z,45115.21,0.1805308975073919,56412916.87535787,8983013.73082583,7.8040803,0.66511643,18.54345392,binance
JST,JUST,just,2020-05-07T00:00:00.000Z,45403.21,0.036602173269487684,362361515.3679281,64031491.87475288,3.62897677,0.92326035,6.52538868,binance
CTSI,Cartesi,cartesi,2020-04-23T00:00:00.000Z,45739.21,0.07045007422832354,61540955.707559116,11618402.42719022,11.626891,-0.11858535,22.66243375,binance
JUV,Juventus Fan Token,juventus-fan-token,2020-04-22T00:00:00.000Z,45763.21,0.9602537631533995,9368140.648202013,5470599.9682282,4.4053258,0.82389257,6.21956675,binance
EPIC,Epic Cash,epic-cash,2020-04-12T00:00:00.000Z,46003.21,0.17480073541247537,3020491.682054001,3446.53480955,2.34744586,1.43510263,0.51776486,binance
SOL,Solana,solana,2020-04-10T00:00:00.000Z,46051.21,163.53360619169365,87659260474.90227,8275928156.16311,3.0290244,1.02695996,11.90599819,binance
HIVE,Hive,hive-blockchain,2020-03-26T00:00:00.000Z,46411.21,0.22969788600886823,110567548.2484938,7691499.33769514,4.2066826,1.54546712,9.68715545,binance
OG,OG Fan Token,og-fan-token,2020-03-12T00:00:00.000Z,46747.21,4.20653764832242,18088111.887786403,12124401.4120376,3.49255534,0.98959891,5.01406151,binance
ATM,Atletico De Madrid Fan Token,atletico-de-madrid-fan-token,2020-02-13T00:00:00.000Z,47419.21,1.0561938560611863,7287238.027128269,3049671.34385756,4.44263656,1.21009976,7.14775396,binance
ASR,AS Roma Fan Token,as-roma-fan-token,2020-02-13T00:00:00.000Z,47419.21,2.2767394101323752,16836601.774899423,10416988.13474596,2.66291752,-0.51925693,1.05874549,binance
OGN,Origin Protocol,origin-protocol,2020-01-09T00:00:00.000Z,48259.21,0.05899403864944726,41127832.090512596,13925720.88326213,8.57377533,1.76118069,17.46070105,binance
OXT,Orchid,orchid,2019-12-16T00:00:00.000Z,48835.21,0.058750661888423726,58587019.81746692,5853971.98426862,7.4437443,1.27812621,11.99865266,binance
KSM,Kusama,kusama,2019-12-12T00:00:00.000Z,48931.21,14.926042221699067,250055232.11020714,21365964.60610853,7.75330485,1.2353957,19.52289771,binance
TRB,Tellor,tellor,2019-11-19T00:00:00.000Z,49483.21,42.71792786526241,114644068.03668654,73104880.17832129,7.83381212,1.64146801,18.13714828,binance
CKB,Nervos Network,nervos-network,2019-11-19T00:00:00.000Z,49483.21,0.004232621875876645,198341454.28371313,23284049.49459628,8.5387585,1.38138382,24.75653974,binance
STX,Stacks,stacks,2019-10-28T00:00:00.000Z,50011.21,0.7642881138879253,1172397305.4956465,71875652.81128462,8.23532733,1.04486878,18.7454486,binance
KAVA,Kava,kava,2019-10-25T00:00:00.000Z,50083.21,0.42637563863837313,461702280.5568147,29657488.00449689,4.81729967,0.5541082,8.32707486,binance
CTK,Shentu,shentu,2019-10-19T00:00:00.000Z,50227.21,0.3222946203202239,47692547.488975845,9211380.16828246,7.02776756,1.5599253,14.68945041,binance
PAXG,PAX Gold,pax-gold,2019-09-26T00:00:00.000Z,50779.21,3347.081623902093,937757628.9373689,118719608.84599648,0.82175195,-0.17473866,0.14634464,binance
BAND,Band Protocol,band-protocol,2019-09-18T00:00:00.000Z,50971.21,0.6871824109668728,112243180.13196832,14113774.73346647,8.88329967,1.05071361,22.84229085,binance
HBAR,Hedera,hedera,2019-09-17T00:00:00.000Z,50995.21,0.20020437351308043,8486951592.759612,795031481.5432805,10.83829931,0.37321541,30.79630597,binance
SXP,Solar,sxp,2019-08-26T00:00:00.000Z,51523.21,0.19932898155829157,129364190.23965867,10174507.55897745,7.01899423,1.39917784,13.64080826,binance
WIN,WINkLink,wink,2019-08-01T00:00:00.000Z,52123.21,5.443838708785072e-05,54095526.46340842,39219889.55379375,4.33986131,0.65133221,11.71110393,binance
FTT,FTX Token,ftx-token,2019-07-31T00:00:00.000Z,52147.21,0.9113178947692679,299727993.6069716,24387566.56132565,9.165887,2.15759734,14.7461012,binance
LUNC,Terra Classic,terra-luna,2019-07-26T00:00:00.000Z,52267.21,6.435504876623702e-05,352136496.6548517,25322615.09518056,5.82987116,0.9604413,15.46792331,binance
RUNE,THORChain,thorchain,2019-07-23T00:00:00.000Z,52339.21,1.5502934363106458,544897394.3431762,154896299.3619798,7.26481099,1.49580512,16.84663178,binance
PROM,Prom,prom,2019-07-17T00:00:00.000Z,52483.21,7.115381987619174,129855721.27404992,6925890.34696109,0.69866774,1.20879021,-2.50254427,binance
ARPA,ARPA,arpa-chain,2019-07-15T00:00:00.000Z,52531.21,0.022257032860003315,33821488.85393655,23828010.37991179,6.81423555,1.84004853,9.96741129,binance
DUSK,Dusk,dusk,2019-07-11T00:00:00.000Z,52627.21,0.06724354726586114,32660190.861056026,11251204.57638934,11.47553328,1.75194517,36.47174073,binance
CHZ,Chiliz,chiliz,2019-07-01T00:00:00.000Z,52867.21,0.040976394674461784,397978003.9091981,44922638.65412079,7.03325222,1.4589779,18.84890239,binance
MBL,MovieBloc,moviebloc,2019-06-21T00:00:00.000Z,53107.21,0.00234854643526025,43776640.67009281,9183788.40356647,2.58347493,-0.96469369,4.09076096,binance
COS,Contentos,contentos,2019-06-20T00:00:00.000Z,53131.21,0.003369855439258942,17443917.755663574,17458886.27131234,6.96305579,1.52838998,18.03682615,binance
ALGO,Algorand,algorand,2019-06-20T00:00:00.000Z,53131.21,0.225348484567375,1947535070.6880696,212171231.6868751,13.82824972,0.33537893,30.5128529,binance
AWE,AWE,awe-network,2019-06-12T00:00:00.000Z,53323.21,0.057170806099721416,111049733.36510645,12676752.6110421,3.6486615,2.10338284,-4.02830629,binance
COTI,COTI,coti,2019-06-04T00:00:00.000Z,53515.21,0.058643663945867966,130346742.8477102,18274797.64630133,8.0091472,1.47285594,20.08127846,binance
ONE,Harmony,harmony,2019-06-01T00:00:00.000Z,53587.21,0.01206816658539241,176826119.00660115,19389477.6440917,11.66965887,1.40980592,26.28208697,binance
CHR,Chromia,chromia,2019-05-28T00:00:00.000Z,53683.21,0.09533518801770237,80508842.08479464,15398294.7622438,11.31727936,1.70297094,21.90779048,binance
RSR,Reserve Rights,reserve-rights,2019-05-24T00:00:00.000Z,53779.21,0.008207365894324357,480639779.9289594,36697409.67879739,6.0248309,0.38573591,20.93409909,binance
IDEX,IDEX,idex,2019-05-09T00:00:00.000Z,54139.21,0.01725297358044864,16555750.032926623,6938908.74334253,4.44650309,-0.19089931,-0.75325442,binance
TFUEL,Theta Fuel,theta-fuel,2019-03-28T00:00:00.000Z,55147.21,0.03633414863714778,254393021.8139915,6930097.06636032,3.05716619,1.1410477,12.99606704,binance
CELR,Celer Network,celer-network,2019-03-25T00:00:00.000Z,55219.21,0.00889870734119025,69262413.24047977,13728757.94919836,10.51950896,0.95854043,24.8840823,binance
ATOM,Cosmos,cosmos,2019-03-14T00:00:00.000Z,55483.21,4.747666708643104,1856025305.6006918,222430714.1162887,8.60783561,1.40308634,19.17566864,binance
ANKR,Ankr,ankr,2019-03-06T00:00:00.000Z,55675.21,0.016162597004973307,161625970.04973307,27640532.49424467,7.30814777,0.65414499,15.37704398,binance
FET,Artificial Superintelligence Alliance,artificial-superintelligence-alliance,2019-03-02T00:00:00.000Z,55771.21,0.7455334038024933,1782304422.3581016,278101594.2006881,4.40318991,1.87001056,10.52124547,binance
RIF,Rootstock Infrastructure Framework,rsk-infrastructure-framework,2019-01-16T00:00:00.000Z,56851.21,0.061003898779779915,61003898.77977992,4336798.51178086,9.27620313,0.95041972,17.40879699,binance
LPT,Livepeer,livepeer,2018-12-19T00:00:00.000Z,57523.21,6.851681767422853,289712065.6230361,72013171.9394913,5.7689151,1.13709033,14.78087582,binance
USDC,USDC,usd-coin,2018-10-08T00:00:00.000Z,59251.21,1.0000459401310584,63065617718.246155,21365963996.640236,0.01551624,0.01764516,0.01842279,binance
IQ,IQ,iq,2018-10-03T00:00:00.000Z,59371.21,0.0038474690679513907,85976414.33975726,7233932.97478429,2.84487832,0.17033946,8.44701198,binance
USDP,Pax Dollar,paxos-standard,2018-09-27T00:00:00.000Z,59515.21,1.0000781932209284,69958919.17028606,2992924.62995941,-0.04221378,0.02507948,-0.01930615,binance
ONG,Ontology Gas,ontology-gas,2018-08-23T00:00:00.000Z,60355.21,0.1899287756819963,79544262.56924035,4866025.68838449,6.35250639,2.21350654,15.50228652,binance
QNT,Quant,quant,2018-08-10T00:00:00.000Z,60667.21,115.39974376974675,1393190871.799285,38999459.48208275,3.11610237,1.18766495,9.47305163,binance
FLUX,Flux,zel,2018-08-02T00:00:00.000Z,60859.21,0.24415785882660024,94626389.7531507,19463519.93732037,10.93346481,-2.35907534,25.62785009,binance
VTHO,VeThor Token,vethor-token,2018-07-30T00:00:00.000Z,60931.21,0.0021401814805463363,196070324.38675463,9198782.13579551,5.91789017,2.44212966,13.3907859,binance
BIFI,Bitcoin File,bitcoin-file,2018-07-28T00:00:00.000Z,60979.21,0.0002130473652562877,0.0,236915.07994701,11.96055873,0.87121692,-3.84059858,binance
RPL,Rocket Pool,rocket-pool,2018-07-17T00:00:00.000Z,61243.21,6.101096572743183,131450281.4267864,14880233.29899667,13.06084073,0.84619155,28.83319819,binance
HIFI,Hifi Finance,hifi-finance,2018-07-05T00:00:00.000Z,61531.21,0.08968947939575231,12719541.905567639,32197122.48988426,9.52035142,1.01477623,-32.4467737,binance
QKC,QuarkChain,quarkchain,2018-06-04T00:00:00.000Z,62275.21,0.007272060737055892,51919699.433250315,8506298.71868933,3.83217189,0.89466004,9.6487944,binance
AVA,AVA (Travala),ava,2018-05-28T00:00:00.000Z,62443.21,0.5942790267089934,40905572.63893356,15211586.48673435,7.59095492,1.25190514,21.34783217,binance
NKN,NKN,nkn,2018-05-28T00:00:00.000Z,62443.21,0.028847894042750705,22785786.61149386,9354519.23346601,13.09787365,2.49760784,28.76394596,binance
IOTX,IoTeX,iotex,2018-05-25T00:00:00.000Z,62515.21,0.02249311223545934,212365772.10103115,15557106.38340352,4.45096817,1.21902961,6.25581668,binance
NEXO,Nexo,nexo,2018-05-01T00:00:00.000Z,63091.21,1.2817329418001624,828186407.7899965,24658122.69118642,3.09142199,0.39478205,6.70028374,binance
HOT,Holo,holo,2018-04-29T00:00:00.000Z,63139.21,0.0009835848908906512,172136944.80167612,19889921.81773333,9.67950508,0.50949758,20.3420617,binance
WAN,Wanchain,wanchain,2018-03-23T00:00:00.000Z,64027.21,0.1252514960512753,24868638.47783409,7839075.44123328,7.08709795,1.36258962,19.11876869,binance
SNX,Synthetix,synthetix,2018-03-14T00:00:00.000Z,64243.21,0.6695330639324644,229961988.62423053,21587174.54685799,8.10910858,1.23273565,21.2722519,binance
RVN,Ravencoin,ravencoin,2018-03-10T00:00:00.000Z,64339.21,0.014723575346214608,226042457.33551666,63765084.96449669,9.97584683,1.24528284,14.59313589,binance
ONT,Ontology,ontology,2018-03-08T00:00:00.000Z,64387.21,0.14125746978191575,129207904.8947606,16077251.35348404,7.94800065,0.87400569,19.70572844,binance
VIC,Viction,viction,2018-03-08T00:00:00.000Z,64387.21,0.39074822001775544,47547943.12744274,137200871.27301076,26.94841284,-2.21014841,151.30540364,binance
TUSD,TrueUSD,trueusd,2018-03-06T00:00:00.000Z,64435.21,0.9980787466610386,493564994.2456195,50394764.33231194,0.00500763,0.02396487,0.08078063,binance
ZIL,Zilliqa,zilliqa,2018-01-25T00:00:00.000Z,65395.21,0.012383408758738413,241253509.29150298,40102850.71203704,7.89328068,1.36475771,18.76411257,binance
HOT,Hydro Protocol,hydro-protocol,2018-01-19T00:00:00.000Z,65539.21,0.0009852166857120689,0.0,160741.03288863,9.90587003,0.5265412,20.70023649,binance
THETA,Theta Network,theta-network,2018-01-17T00:00:00.000Z,65587.21,0.8169750824829852,816975082.4829853,63236711.41968472,8.85799611,1.17665326,20.01523885,binance
IOST,IOST,iostoken,2018-01-16T00:00:00.000Z,65611.21,0.0037801242002325616,101253600.37951264,18941166.1780832,6.4064742,1.77147882,17.19591157,binance
MDT,Measurable Data Token,measurable-data-token,2018-01-09T00:00:00.000Z,65779.21,0.016075596737372865,10869627.464096783,7069626.43350699,2.57855514,0.75660484,27.76471951,binance
GTC,Game.com,game,2018-01-03T00:00:00.000Z,65923.21,7.246611085830068e-05,0.0,209757.68880023,-1.73294406,0.03259123,-2.203504,binance
ONE,BigONE Token,bigone-token,2017-12-30T00:00:00.000Z,66019.21,0.0005770694647754134,4953663.3841238525,0.0,11.39295185,-0.15129631,8.85456177,binance
UTK,xMoney,utrust,2017-12-29T00:00:00.000Z,66043.21,0.0313741059479802,22090889.0364896,8322137.74652395,11.41531121,0.38358323,23.76986445,binance
WAXP,WAX,wax,2017-12-21T00:00:00.000Z,66235.21,0.02251098337725511,99414125.44329289,7786150.53781447,7.84161838,1.22724686,19.12387209,binance
FIL,Filecoin,filecoin,2017-12-13T00:00:00.000Z,66427.21,2.6408716622025072,1800621999.8758664,351924453.8714649,5.9074555,1.36503587,17.64500608,binance
DATA,Streamr,streamr,2017-11-03T00:00:00.000Z,67387.21,0.017235334924730842,19917219.446764424,2829487.69011154,7.45236043,1.23859039,17.07333218,binance
POWR,Powerledger,power-ledger,2017-11-01T00:00:00.000Z,67435.21,0.17387018229924217,98708016.93045679,11078821.23825305,6.67163615,1.29977264,14.31029707,binance
ENJ,Enjin Coin,enjin-coin,2017-11-01T00:00:00.000Z,67435.21,0.07843569417258853,145869348.1089214,21842787.77214685,10.01417597,1.93605305,22.33243564,binance
ICX,ICON,icon,2017-10-27T00:00:00.000Z,67555.21,0.1355931946917173,145038805.07606965,7808628.43171594,5.39379582,1.258048,11.98593587,binance
LA,LATOKEN,latoken,2017-10-25T00:00:00.000Z,67603.21,0.01969608736926703,7486590.389087609,88.14074598,-0.41894631,0.04020001,22.99565057,binance
REQ,Request,request,2017-10-20T00:00:00.000Z,67723.21,0.14948116095284802,123202119.91732283,4139930.63443115,4.74089984,0.84758011,8.79859714,binance
XTZ,Tezos,tezos,2017-10-06T00:00:00.000Z,68059.21,0.6115085385050927,642367141.1394444,33792374.37181997,6.88262857,1.18574623,15.88553709,binance
ADA,Cardano,cardano,2017-10-01T00:00:00.000Z,68179.21,0.7339618416909353,25973587523.82967,2858641493.4726257,14.17210377,0.24971916,29.19821753,binance
LINK,Chainlink,chainlink,2017-09-20T00:00:00.000Z,68443.21,15.666686125068633,10623579398.502123,890332324.6307815,7.44470604,0.95973261,20.04953945,binance
MANA,Decentraland,decentraland,2017-09-17T00:00:00.000Z,68515.21,0.31478058176249896,620032443.7983487,65891840.33963958,8.92346558,1.53786223,22.25793361,binance
TRX,TRON,tron,2017-09-13T00:00:00.000Z,68611.21,0.29970730233642995,28401370022.85646,919317268.7716447,2.98237397,0.46455288,6.02545535,binance
LRC,Loopring,loopring,2017-08-30T00:00:00.000Z,68947.21,0.08217895069687685,112345068.91111593,23755532.85723682,7.11051066,1.341326,13.56782993,binance
VET,VeChain,vechain,2017-08-22T00:00:00.000Z,69139.21,0.025084847000675637,2156921602.2718396,85423680.95826733,9.6282658,1.08833074,20.95535135,binance
ZRX,0x Protocol,0x,2017-08-16T00:00:00.000Z,69283.21,0.25607629578766844,217254249.18574148,37142585.45757306,7.65204654,1.19841626,19.65090675,binance
DENT,Dent,dent,2017-08-12T00:00:00.000Z,69379.21,0.0007318031691250132,73180316.91250128,9648797.67005592,13.09117666,0.31255142,26.86616803,binance
BNB,BNB,bnb,2017-07-25T00:00:00.000Z,69811.21,695.0147863917236,96808210296.60811,2526690299.375622,3.32715079,1.03664112,6.52252106,binance
BCH,Bitcoin Cash,bitcoin-cash,2017-07-23T00:00:00.000Z,69859.21,530.76568112332,10560009497.136103,595535524.1888324,4.33672032,0.1400075,9.30558357,binance
CVC,Civic,civic,2017-07-17T00:00:00.000Z,70003.21,0.1009187148976234,100918714.8976234,17175233.30046983,5.47627724,1.30378059,15.96485254,binance
MTL,Metal DAO,metal,2017-07-09T00:00:00.000Z,70195.21,0.7670926266576796,66082948.66426298,3378089.70899123,6.7878378,1.32016202,14.93796974,binance
GAS,Gas,gas,2017-07-06T00:00:00.000Z,70267.21,3.1338596754571175,203676845.33486155,13495610.30737929,5.70012531,1.70069381,11.81092832,binance
STORJ,Storj,storj,2017-07-02T00:00:00.000Z,70363.21,0.2857699463995909,118301150.22335622,20464186.29946057,7.3303533,1.26330725,18.21910522,binance
ADX,AdEx,adx-net,2017-07-01T00:00:00.000Z,70387.21,0.09622546169354138,14231745.78447477,8358753.76864712,8.81688672,0.71996006,27.36127584,binance
FUN,FUNToken,funtoken,2017-06-27T00:00:00.000Z,70483.21,0.013622788856331263,147374076.99756902,41394641.38755668,1.33273336,-2.43111528,-1.82921016,binance
NMR,Numeraire,numeraire,2017-06-23T00:00:00.000Z,70579.21,8.140698457062664,62135508.598825134,12596201.09698909,6.57979854,1.04645103,15.79387205,binance
BNT,Bancor,bancor,2017-06-18T00:00:00.000Z,70699.21,0.6934100844272757,79872591.35303456,9099270.37346606,5.88759699,1.06837438,17.42022916,binance
IOTA,IOTA,iota,2017-06-13T00:00:00.000Z,70819.21,0.19450989452368536,757285390.4384844,53439162.72010939,13.72869779,1.11655248,26.89428898,binance
BAT,Basic Attention Token,basic-attention-token,2017-06-01T00:00:00.000Z,71107.21,0.14804905790666434,221432291.18764183,26393405.276415,8.56038021,1.81965594,18.90253487,binance
ZEN,Horizen,horizen,2017-06-01T00:00:00.000Z,71107.21,8.463237725941639,136488724.1680744,18715160.06582061,7.13506025,1.55934166,21.17630319,binance
QTUM,Qtum,qtum,2017-05-24T00:00:00.000Z,71299.21,2.2943444055853504,242560680.87331715,68408214.66925631,7.76066385,1.33586879,18.63161453,binance
GNO,Gnosis,gnosis-gno,2017-05-01T00:00:00.000Z,71851.21,127.81150131856994,337298449.57167524,5956618.84856823,6.52407454,0.57624775,17.6811878,binance
RLC,iExec RLC,rlc,2017-04-20T00:00:00.000Z,72115.21,1.0516780749876546,76123138.81197125,7462835.25350621,7.87991581,1.27751833,18.58939956,binance
ARK,Ark,ark,2017-03-22T00:00:00.000Z,72811.21,0.4123748471647817,78307952.1180949,9425470.24979565,7.5414407,1.38276392,-2.20563741,binance
XNO,Nano,nano,2017-03-06T00:00:00.000Z,73195.21,0.9327225006052702,124283684.77923372,1305363.51404796,4.34743171,-0.10661449,10.54749086,binance
MLN,Enzyme,enzyme,2017-02-21T00:00:00.000Z,73507.21,7.988774331127092,23899842.38770945,12017938.98366717,8.77872986,-0.10751301,16.26302896,binance
MKR,Maker,maker,2017-01-29T00:00:00.000Z,74059.21,1966.0684056555017,0.0,98203426.96478346,-1.4493731,0.21149961,6.77493989,binance
GLM,Golem,golem-network-tokens,2016-11-18T00:00:00.000Z,75787.21,0.2557852998750208,255785299.8750208,14708430.21479753,6.00831594,1.31067109,13.21061354,binance
ZEC,Zcash,zcash,2016-10-29T00:00:00.000Z,76267.21,43.13691120160651,722472159.6614912,103133058.33634903,4.43235882,1.41191414,9.12964584,binance
NEO,Neo,neo,2016-09-08T00:00:00.000Z,77491.21,6.347959350661467,447777631.83117896,62369250.83634254,6.98800789,1.16339383,18.03530853,binance
STRAX,Stratis [New],stratis-new,2016-08-12T00:00:00.000Z,78139.21,0.047803821219587865,94828607.90552098,8985799.79583348,4.42375599,1.34789426,0.38859017,binance
STRAX,Stratis [Old],stratis,2016-08-12T00:00:00.000Z,78139.21,0.048646810896561477,0.0,1812908.53237013,5.51259116,1.50481925,2.37368856,binance
ETC,Ethereum Classic,ethereum-classic,2016-07-24T00:00:00.000Z,78595.21,18.705710957275908,2855729497.057751,179371590.06662953,4.85736554,0.88256517,15.4395796,binance
ARDR,Ardor,ardor,2016-07-23T00:00:00.000Z,78619.21,0.08201225109739349,81886463.27008444,5982962.1059762,4.52872081,0.52084073,4.27877877,binance
CHESS,ChessCoin,chesscoin,2016-07-02T00:00:00.000Z,79123.21,0.07511652091063592,0.0,755453.33913841,8.03085172,1.09314522,-15.53044129,binance
STEEM,Steem,steem,2016-04-18T00:00:00.000Z,80923.21,0.1430123813054634,74118535.77683203,14069126.44777618,5.99520504,1.28403183,12.7223393,binance
LSK,Lisk,lisk,2016-04-06T00:00:00.000Z,81211.21,0.43528697997041305,85494116.75145629,9646351.49440188,6.88228249,1.79130065,17.0525912,binance
MEME,Memetic / PepeCoin,memetic,2016-03-14T00:00:00.000Z,81763.21,0.0019245827406378568,0.0,384910.28012423,11.97714872,2.50532778,30.04989026,binance
PIVX,PIVX,pivx,2016-02-13T00:00:00.000Z,82483.21,0.1520642952563294,14394370.587219194,4924892.38349801,10.65174965,1.86641649,22.58137985,binance
DCR,Decred,decred,2016-02-10T00:00:00.000Z,82555.21,16.78681513358657,283697997.7437321,5659561.9440134,1.43112795,0.48358943,9.41483108,binance
SC,Siacoin,siacoin,2015-08-26T00:00:00.000Z,86587.21,0.003300417601753419,184907996.92689618,9637235.03415139,4.62885719,1.53309373,13.32990546,binance
ETH,Ethereum,ethereum,2015-08-07T00:00:00.000Z,87043.21,2978.6715524362753,359572491027.05206,43956830657.00871,5.28147792,1.05145726,19.45429921,binance
XVG,Verge,verge,2014-10-25T00:00:00.000Z,93907.21,0.006389992219510817,105575139.84752434,16179180.5641599,9.14918412,-0.78584224,24.94558317,binance
SYS,Syscoin,syscoin,2014-08-20T00:00:00.000Z,95491.21,0.042753840599744505,35196567.96233712,4962774.57219954,10.553805,0.15621766,30.75127727,binance
XLM,Stellar,stellar,2014-08-05T00:00:00.000Z,95851.21,0.37059289687531044,11509432120.385242,1421185268.4985259,25.28740706,2.41777651,56.16120193,binance
DASH,Dash,dash,2014-02-14T00:00:00.000Z,99979.21,22.226777773900984,274059132.2593978,39612681.35736724,5.63208252,1.14499319,12.4272947,binance
DGB,DigiByte,digibyte,2014-02-06T00:00:00.000Z,100171.21,0.008543412774742387,151995094.36356476,3423736.62677637,5.592044,0.71494742,17.54958764,binance
DOGE,Dogecoin,dogecoin,2013-12-15T00:00:00.000Z,101443.21,0.20672562273300227,31020005845.99714,3494462589.628537,11.99919448,2.59296661,27.2763953,binance
XRP,XRP,xrp,2013-08-04T00:00:00.000Z,104635.21,2.8018404874916856,165499640453.83435,14621027522.644245,12.52850297,2.61192225,26.40724346,binance
LTC,Litecoin,litecoin,2013-04-28T00:00:00.000Z,106987.21,96.84565706047236,7366334482.674541,851919502.7502762,5.28038579,0.69089115,11.52324505,binance
BTC,Bitcoin,bitcoin,2010-07-13T00:00:00.000Z,131467.21,117667.04136362887,2340505471066.5503,124988392778.88585,3.8074249,0.8095657,9.10519887,binance
