{
    "jupiter": {
        "name": "Jupiter (Solana)",
        "enabled": true,
        "is_default": true,
        "credentials": {
            "api_key": "",
            "api_secret": "",
            "test_mode": false,
            "additional_params": []
        }
    },
    "bitvavo": {
        "name": "Bitvavo",
        "enabled": true,
        "is_default": false,
        "credentials": {
            "api_key": "ce59283de845c416deef1dd91f10c3879f0554e18c938dc9170550cebfcfbe37",
            "api_secret": "28de1f1699a1bc9845a132e91dfa888801d7437d297e419521f6b9bbce670c88ea3a937b6f5c09421573340b5cc75f98edb05cd3ca19a79ddcc820e43b20c29b",
            "api_url": "https:\/\/api.bitvavo.com\/v2\/order",
            "test_mode": false,
            "additional_params": "[]"
        }
    },
    "kraken": {
        "name": "Kraken",
        "enabled": true,
        "is_default": false,
        "credentials": {
            "api_key": "dmqjTdc9A25Pd83sk9kz\/M+Z\/3Zu9+kSRKoGR6o7IuKzBqcWEvHIPdVl",
            "api_secret": "gzDfB+URG1zE0vo0kZANmOydXSwIS9BxDz6\/WAAtZ6X3m3W6jc\/gIugLZJNkyHWj97Uo9cGsf6TOMWXPPpMurg==",
            "api_url": "https:\/\/api.kraken.com",
            "test_mode": true,
            "additional_params": []
        }
    }
}