symbol,name,price,market_cap,volume_24h,percent_change_24h
1INCH,1inch Network,0.2957434927316628,412422307.25639856,184667052.81134945,38.65813713
A,Vaulta,0.5518371503855993,870353439.6317261,79326128.81991825,5.84895834
AAVE,Aave,311.0177726376544,4724191478.781782,763563567.7378553,5.89417674
ACA,ACA Token,0.027614087109625304,1279363.1751113648,71200.0433622,8.54994735
ACE,ACENT,0.0005890305664113625,421192.18258124014,179320.45116578,13.45294168
ACH,Alchemy Pay,0.021640274298975762,200180040.11123297,52713599.11304901,9.89211546
ACM,AC Milan Fan Token,0.8233671947837278,6772053.557938658,2033966.89891143,5.66213041
ACT,Act I : The AI Prophecy,0.044463230087449526,42162027.662231535,66580878.48715758,8.1578818
ACX,Across Protocol,0.1836054136721343,90632642.30017994,36509819.2660396,20.40417082
ADA,Cardano,0.7294929324521873,25815440875.522648,1962269885.7647338,16.54347547
ADX,AdEx,0.09430305792637522,13947422.267310895,8457741.89010293,9.05440382
AE,Ã†ternity,0.0066057952146184795,2543937.3006220693,102869.2426919,3.92199239
AERGO,Aergo,0.11762955625116885,57050334.28411697,26075185.27631021,3.03763317
AEUR,Anchored Coins AEUR,1.1643223996641796,66377559.631778054,63215.83424821,0.0559072
AEVO,Aevo,0.11552799497760675,104974762.62694639,68068100.05199741,26.2299185
AGI,Delysium,0.05392535776172054,75695907.23285706,8459796.08324092,6.10947098
AGIX,SingularityNET,0.3242225942462649,0.0,74465.7849741,6.96686956
AGLD,Adventure Gold,0.7943779749814872,66338505.48508197,23537188.5650857,7.97951804
AI,Any Inu,2.0471468518885224e-06,0.0,50220.64496045,5.15829264
AION,AION 5100,0.5239407611356369,0.0,179526.61062755,5.25327114
AIXBT,aixbt,0.15656739827672894,149281332.52962413,129823970.52855755,9.86052094
ALCX,Alchemix,8.727707330755587,21396111.590977967,3412455.27128477,10.20720532
ALGO,Algorand,0.22450782575204048,1940261067.9827247,162628054.35011035,15.91166898
ALICE,MyNeighborAlice,0.4585116060807037,45851160.608070366,25421688.89923226,7.88118063
ALPACA,Alpaca Finance,0.02288427665096488,3470827.153712449,12049689.33685284,76.68853413
ALPHA,Alpha,0.0008393087296520592,839307.5839956433,15058.79688359,18.50724031
ALPINE,Alpine F1 Team Fan Token,0.9202891811631859,15382499.504931908,13393927.19870775,6.18388151
ALT,AptosLaunch Token,0.0030801977170957424,0.0,121827.97906438,3.40352242
AMB,Ascendia (ex AirDAO),0.0001265613922871409,713664.0171115596,218545.81365249,1.12233669
AMP,Amp,0.0037085054332098187,312373372.44664836,19020054.09495077,5.84268577
ANIME,Animecoin,0.018447623483898196,102174093.32005349,48843481.15854551,11.24043016
ANKR,Ankr,0.016164290114362517,161642901.14362517,24674858.79673034,9.22421346
ANT,Aragon,0.16428720868583102,7095973.326834961,0.0,12.65370492
APE,APEcoin.dev,0.6710893446665374,0.0,17949.81869237,6.49389865
API3,API3,0.7097837724913888,61340917.57100781,22877842.76106175,9.75195899
APT,Aptos,4.93918903296264,3189699036.4222527,280250140.3428339,8.02344245
AR,Arweave,6.413778369283886,421080366.32094574,65711497.3898757,12.65243266
ARB,Arbitrum,0.41065316624238296,2038169521.0678496,558338726.1401829,14.87496131
ARDR,Ardor,0.08230139018807266,82175158.88826382,5446001.07435197,5.95117321
ARK,Ark,0.4104768015325103,77945886.44176845,9181464.66285234,7.60522541
ARKM,Arkham,0.5500132135491441,123807974.36991234,121073693.93772887,12.53066947
ARPA,ARPA,0.02225702547680907,33821477.63453353,22628062.70444517,8.56789063
ASR,AS Roma Fan Token,2.3330112033202925,17252734.49911373,10742046.22910983,4.83601872
AST,Astroon,0.0066490529683358775,0.0,85197.84249621,9.91739582
ASTR,Astar,0.024539609037056678,199568642.1718751,10231062.35796564,8.6295474
ATA,Automata Network,0.05372744686193571,31580564.964097694,7714590.05019307,12.28298255
ATM,Atletico De Madrid Fan Token,1.0586112089067428,7303916.618354713,2824670.07733988,5.83394945
ATOM,Cosmos,4.6482788980710446,1817171210.987401,180768740.44634125,7.90320657
AUCTION,Bounce Token,9.971141304390935,60726163.34847512,19293728.48149113,7.54237417
AUDIO,Audius,0.06198975404590176,82988787.87818255,14646786.02167968,6.76352941
AUTO,Auto,6.555117421141152,502553.1528263818,82080.43976428,4.67604027
AVA,AVA,0.03705968364383338,37059463.879909374,5726673.88327989,10.92355922
AVAX,Avalanche,20.963653636012175,8852432824.042927,666626181.6812766,7.15938359
AWE,AWE,0.056426775863484865,109604513.94305515,12068238.39270652,2.08849704
AXL,Axelar,0.3730538529831052,372685708.4732432,50844883.43992324,10.10429918
AXS,Axie Infinity,2.525608555499474,419225584.784467,48543641.18514919,10.39870775
BABY,Baby,1.1845280939213896e-07,116245.56323975265,804.43252908,7.39775551
BADGER,Badger DAO,1.1117224981406777,22668670.654866416,10190749.97045353,1.39905033
BAKE,BakeryToken,0.08335187709874896,24152914.905647185,18143614.59933865,8.4591519
BAL,Balancer,1.106550090410316,71136402.6761909,12053848.92369103,6.01811279
BANANA,ApeSwap,5.504634696424895e-09,2.0251519781822114,50.49711572,1.15052521
BANANAS31,Banana For Scale,0.02730505608928065,273050560.8928065,619606523.173565,3.7052676
BAND,Band Protocol,0.6795719634804954,110996908.7801251,13802604.51702081,9.8284236
BAR,Gold Standard,0.29589201167908075,0.0,860099.02315268,13.81750028
BAT,Basic Attention Token,0.1441014623971211,215527997.4979698,19421470.56372777,7.36800881
BB,Bitboard,0.0009311549741969232,4101679.9915111796,337033.59795595,1.53467421
BCD,Bitcoin Diamond,0.003490529071024373,650958.8818445284,0.0,0.0
BCH,Bitcoin Cash,521.324106787873,10372119435.384321,577364301.938355,0.9869755
BCN,Bytecoin,2.398446951327226e-05,4414745.244095478,44.02562584,6.32232671
BEAM,Beam,0.032345735855953586,4876234.83110465,97749.319276,6.88565739
BEAR,Bear Inu,2.71414084421127e-10,0.0,80265.84756343,-1.19412648
BEL,Bella Protocol,0.2953399069102481,23627192.552819848,23440721.59604905,16.53751658
BERA,Berachain,2.066023696413019,248878101.15889272,128053991.94475277,12.53060672
BETA,Beta Finance,0.0005533380681990654,525671.1647891122,61676.54734375,-0.17077651
BETH,Beth,7.735143366660966e-05,0.0,22851.66067297,-21.55975999
BICO,Biconomy,0.1082507474321013,104472242.06828561,18988410.91691951,10.62705616
BIDR,BIDR,6.310708004636761e-05,12027316.374085916,0.0,0.61611557
BIFI,Bitcoin File,0.00021341107448588243,0.0,232046.71302286,10.13826885
BIGTIME,Big Time,0.05919060389517703,115115438.17683339,42502325.87310264,9.33094961
BIO,Bio Protocol,0.06471779711246309,102530455.95915507,56821915.35098246,16.68446872
BLUR,Blur,0.08369428533352267,202366941.97900438,28430974.52817804,11.70180545
BLZ,Bluzelle,0.03551085749139053,16574851.353202337,1535781.55621547,6.34470284
BMT,Bubblemaps,0.09259150228576485,33853099.79036078,67969614.12509532,7.57474205
BNB,BNB,688.3072448105769,95873929404.23976,2361394170.6198554,2.63596474
BNT,Bancor,0.6935560588529832,79889405.87003449,8744260.08050297,7.60780636
BNX,BinaryX [Old],560.919982609673,0.0,38951.29700373,39.56448378
BOME,Book of Meme 3.0,7.14128432991219e-10,0.0,1255656.35837998,134.52919669
BOND,BarnBridge,0.15649761105512974,1237937.151363347,826530.85528586,2.11035816
BONK,Bonk,2.3534669648766e-05,1901895649.8411458,870213110.9804661,6.74845001
BSW,Biswap,0.015873442620621774,10559173.987918893,12252074.44317685,10.09312616
BTC,Bitcoin,117773.34808896792,2342611529742.055,125919246335.28575,6.24167536
BTCB,Bitcoin on Base,0.27057599252679815,0.0,18973.26899001,5.55969854
BTCST,Bitcoin Standard Hashrate Token,0.02722704278517035,332208.06557356555,83564.1918577,-7.487858
BTG,Bitcoin Gold,0.8719340770942525,15270986.800873974,4726.1318973,0.17261982
BTS,BitShares,0.001186526052670655,3553716.719311772,167270.37119634,4.41532948
BTT,Bitteam token,6.701255383977229e-05,30892.78718610992,5.51439433,-0.01559172
BULL,Tron Bull,0.004648033228983201,4416911.970543695,62115.39181953,6.63881035
BURGER,BurgerCities,0.0036968254044802123,159095.95714922555,356882.77085528,21.84148276
C98,Coin98,0.05434233565482124,52546004.53692786,28772771.3253573,17.99336083
CAKE,PancakeSwap,2.5144936596488696,868531593.0901527,115698875.77135976,6.02991479
CATI,Catizen,0.09307307025475484,30322275.55829658,27364029.66460384,3.85068244
CDT,CheckDot,0.08443230360989182,653981.8270794803,11544.76349557,2.44693455
CELO,Celo,0.3247996999211896,187094211.0193508,30824906.60769715,7.52386131
CELR,Celer Network,0.00883403234715533,68759020.33278885,12773188.38457075,12.10554345
CETUS,Cetus Protocol,0.11568385990484367,94978125.4723744,37704686.0608722,15.69877351
CFX,Conflux,0.0952211460121602,485963751.71009713,87155952.18412629,22.50188143
CGPT,ChainGPT,0.11073823984058304,76133330.36094694,28162954.36942975,10.6439614
CHAT,Solchat,0.20249574366541384,1628766.4143430097,163331.18626613,3.71833352
CHESS,ChessCoin,0.0749099730484704,0.0,759592.7672447,8.85193038
CHR,Chromia,0.09483890556117243,80089740.52583192,13984713.05342354,12.19122678
CHZ,Chiliz,0.040565623042198976,393975557.4300571,43030219.36565991,8.55302656
CITY,Manchester City Fan Token,0.9229919449847187,9265958.59333106,5409267.5621242,5.03030683
CKB,Nervos Network,0.004199605540315712,196789590.8049538,23076039.1499102,9.71520043
CLOAK,CloakCoin,0.03503219961273,212428.01613462996,0.0,0.0
CLV,CLV,0.023185585153414217,28382423.749109086,3967369.4762842,10.00764747
COMBO,Furucombo,0.0011388150886726494,46201.64285019924,0.0,8.92142949
COMP,Compound,47.69528129889814,447953428.74717987,101252584.68117031,5.70352634
COOKIE,Cookie DAO,0.19939445199831246,109204032.2459736,74062168.24749498,14.9570745
COP,Copiosa Coin,0.0002524428943880068,0.0,14897.02667974,4.87761483
COS,Contentos,0.0034081527688662964,17642162.303530335,16690781.79271248,9.75285379
COTI,COTI,0.05849095866480533,129986421.50641493,17611428.70959753,9.99506659
COW,COW,0.017379746152029838,0.0,535149.45132309,9.74520536
CREAM,Cream Finance,1.3373003682390032,2481573.4640260204,86147.75711506,1.45713132
CRV,Curve DAO Token,0.6469153163984983,881997099.8184364,247746585.23433602,15.88459908
CTK,Shentu,0.31817446072793987,47080758.89726803,9165964.46081535,8.50204321
CTSI,Cartesi,0.07015013568423659,61276709.61151386,9143565.7062214,13.02474499
CTXC,Cortex,0.07239068741619578,16716226.3415211,7156516.17423824,6.91674737
CVC,Civic,0.09892412640128356,98924126.40128356,15789526.22435741,4.8920109
CVP,PowerPool,0.006971817259157558,315275.7227692185,17097.31844499,1.67403473
CVX,Convex Finance,3.2253906552084457,317028818.9649766,30496341.94635971,17.17106622
CYBER,Cyber,1.6724454854885349,75030197.64657693,98066141.74710345,30.04820021
D,D,2.3536522980936145e-05,0.0,180872.46836688,11.25091141
DAI,Dai,0.9997861130100333,5364235117.10858,49802830968.33731,-0.02431928
DASH,Dash,21.906936668540435,270112357.0136321,35241027.20778356,5.50827126
DATA,Databot,0.0011586010306041826,1061093.002188587,0.0,10.33864468
DCR,Decred,16.926394914074436,286050306.40088165,5330920.06470182,3.48039013
DEGO,Dego Finance,1.158233059819824,24319665.835225634,22252762.59256538,12.16365331
DENT,Dent,0.000752329737702723,75232973.77027225,7913062.13102826,19.00875618
DEXE,DeXe,7.873630089472587,659286020.4138421,21962178.21201488,2.37909237
DF,dForce,0.02888016258504553,28878029.687640786,4356870.407466,10.61055105
DGB,DigiByte,0.00856473830912116,152371732.83235705,3175062.34322632,7.43980789
DIA,DIA,0.4379682279926576,52414331.20194501,6996893.02846282,12.06151671
DNT,district0x,0.028814917412061065,28814917.412061065,222949.31200297,13.54908605
DODO,DODO,0.12737016490055889,0.0,53432.99481593,34.00400207
DOGE,Department of Gov Efficiency (deptofgovtefficiency.com),0.06192454265341122,0.0,251338.99713583,2.64421077
DOGS,HARRIS DOGS,1.2988886503280899e-05,0.0,398165.5087079,143.63168898
DOT,Polkadot,3.949178304374347,6302865261.526817,448049196.296272,8.50448359
DUSK,Dusk,0.06853330367279865,33286625.547023803,11243177.01245715,15.30675982
DYDX,dYdX,0.6237758717136016,469876805.078735,25695766.51860257,10.72900211
DYM,Dymension,0.30344795391083906,98266509.81048137,25558915.93639072,22.17744466
EDU,Open Campus,0.15223996121446004,62527385.62655875,12401625.64960905,13.53451374
EGLD,MultiversX,15.518481607565972,441025168.17723125,30690159.48859278,9.3157509
EIGEN,EigenLayer,1.3981903760219172,438827819.02843857,150768349.63098815,13.22368688
ELF,THE LAND ELF Crossing,0.006465126475671,0.0,94022.10348674,14.08961956
ENA,Ethena,0.3511249593646793,2231289390.2127357,1230390963.0956457,22.62607503
ENJ,Enjin Coin,0.07757027092398942,144259893.10349256,20321508.02277869,10.65248998
ENS,Ethereum Name Service,22.312062436301364,814268386.4359632,143338142.16067937,9.94400051
EOS,EOS,0.5511378055582207,0.0,2208129.15522524,5.83732739
EPIC,Epic Cash,0.17238265245599405,2978708.1080928636,3376.93836508,-0.7106244
EPS,Ellipsis,0.018704324640255485,13536349.141606413,712.86069355,1.46324157
EPX,Ellipsis,6.989378735164153e-06,556020.6990714013,387289.68544964,8.23205625
ERN,Ethos Reserve Note,0.9821980890354203,0.0,274817.75681735,7.18052738
ETC,Ethereum Classic,18.565296496448145,2834245948.1323066,161707717.04348165,5.65522221
ETH,Ethereum,2977.4017055510017,359419200541.7727,42616972318.785904,7.27802682
ETHFI,ether.fi,1.2022159887147945,450580698.0058455,249696671.60077766,9.94300416
EURI,Eurite,1.1708149344567276,60497314.67363245,40574069.15608116,0.02820761
EZ,EasyFi,0.001101519282154414,7020.659819528605,40.72142627,6.47464407
FARM,FARM,1.8050035045301496,0.0,72723.79513554,-12.47725678
FDUSD,First Digital USD,0.9981959496935295,1449845630.5544605,10611136802.556198,-0.0107132
FET,Artificial Superintelligence Alliance,0.7371890539460242,1762356058.4416966,246721435.55398366,6.55461634
FIDA,Solana Name Service (previously Bonfida),0.08836057576641271,87557506.79302321,28861343.73604488,11.89368126
FIL,Filecoin,2.6149631977647716,1782675145.7109373,301417113.8930632,7.51134931
FIO,FIO Protocol,0.016094885586385936,13101046.987732729,7985048.54119054,8.48097279
FIRO,Firo,0.7061107405663464,12335194.909674466,362596.62338703,2.75806245
FIS,StaFi,0.11560132112476464,13358757.120076422,22384845.64837113,4.61318669
FLM,Flamingo,0.02937218163224598,16182444.072541302,4956604.64345595,8.18919283
FLOKI,FLOKI,9.949522685793341e-05,949321659.9451711,228355101.94993436,7.41382723
FLOW,Flow,0.38077679035467005,607273182.5284287,43419497.47596977,8.1633795
FLUX,Flux,0.2506723582441582,97148626.29788558,14793328.16864293,15.15394166
FOR,ForTube,0.0009197261114654498,731182.2586150325,119671.99410145,11.93530194
FORM,Form,0.0001537383563901884,0.0,253385.99116143,43.64007461
FORTH,Ampleforth Governance Token,2.546553140212511,36526622.87217144,6468363.82632201,3.27734863
FRONT,Frontier,0.20663834570624257,1607082.6939843798,3.78313846,3.9122814
FTT,FTX Token,0.9147811405287776,300867038.18057615,20728738.93142032,10.51959713
FUEL,Fuel Network,0.00854199487634495,45519418.49629364,13405924.5564845,1.33179716
FUN,FUNToken,0.013249976114111205,143340913.57141206,38053639.62869712,1.80137667
G,Gravity (by Galxe),0.01302891175166413,126152959.191958,15119057.26068582,7.1820061
GAL,GAL (migrated to Gravity - G),0.7661044587192368,5683107.478702809,8346.12377393,1.27410008
GALA,Gala,0.017372153627857212,785639719.1047605,166068662.45447862,12.81258309
GAS,Gas,3.0829056070179917,200365221.65306923,12091007.26503007,4.88505422
GFT,Gifto,0.02137925212750612,47858554.19619371,17877.6145896,14.22149188
GHST,Aavegotchi,0.45837578377035076,24178314.723661304,9849178.96078033,11.67274974
GLM,Golem,0.25317502153311955,253175021.53311956,13891767.35649777,6.08209003
GLMR,Moonbeam,0.07476247295025676,74058879.4296733,10365492.24819242,8.51169917
GMT,GMT,0.05141789407479176,153673506.44103137,35252568.96938375,10.21964669
GMX,GMX,13.279814600137376,135551970.2270541,123112219.52898446,15.57230661
GNO,Gnosis,127.6548611999469,336884709.9802953,5983788.25008329,7.18500059
GNS,Gains Network,1.9178890420809083,55506191.42103432,9903573.6373681,9.55977745
GO,GoChain,0.001799278720054055,2367801.4971534857,162832.93888445,2.99045219
GPS,GoPlus Security,0.02563738442897716,41948948.97467777,11057288.37565419,12.27417346
GRS,Giresunspor Token,0.032682335578213755,0.0,22760.44527598,-5.22205096
GRT,The Graph,0.09893915985186583,977045047.0089301,71083433.81446587,10.04835881
GTC,Game.com,7.28937826582754e-05,0.0,201399.96931143,-1.1144473
GUN,GUNZ,0.03500424117349018,33411548.200096376,41096113.6926002,6.95543206
HAEDAL,Haedal Protocol,0.16692704271985925,35471996.577970095,135908208.1824671,15.43667306
HARD,Kava Lend,0.00789323079605547,1063941.7449092844,867720.41833531,-2.32880989
HBAR,Hedera,0.2042708141494051,8659333865.082462,593115740.8741374,15.6360798
HEGIC,Hegic,0.03363056831068572,23666750.68922883,79123.96760058,1.5634112
HEI,Heima,0.31664675453492364,24283626.622766357,21435876.18160956,13.39907584
HFT,Hashflow,0.08938842225841502,52364853.95987778,39041320.8023364,3.23303444
HIFI,Hifi Finance,0.0891077909596657,12637048.278794082,27500621.66210832,9.58483896
HIGH,Highstreet,0.61995081669515,46594050.225892335,12512392.00525145,14.41187626
HIVE,Hive,0.22809487364208317,109793056.83243802,7364299.60744241,4.63229288
HMSTR,Hamster Kombat,0.0008011593234978826,51574631.450176194,31034766.68241874,12.22818588
HNT,Helium,2.905747261033337,537146888.1743267,21979350.98972533,21.53780425
HOME,Defi App,0.02302006070888523,62614565.12816782,35119135.27497597,8.91307608
HOOK,Hooked Protocol,0.12149848024088966,30202343.061094977,34843441.1179712,9.72182196
HOT,Hydro Protocol,0.0009841310210907195,0.0,142968.01794874,11.29754613
HUMA,Huma Finance,0.0413457823599503,71666022.74346526,122369406.32289316,17.14995958
HYPER,HyperChainX,3.750803433210079e-05,21647.35066415945,0.0,-9.01865743
ICP,Internet Computer,5.446681405217627,2915688967.069749,115691469.90429752,5.52513119
ICX,ICON,0.1345447914802329,143915952.71248338,7401048.43201033,6.78552627
ID,Everest,0.014445685354969304,1685811.4809249179,0.0,16.71468855
IDEX,IDEX,0.017707165772765824,16991587.50568735,6581340.78872632,7.35896982
IDRT,Rupiah Token,6.176485175536868e-05,11077952.69871804,620.55860857,0.30184044
ILV,Illuvium,12.307069956820046,72762227.8638916,17842862.48778426,11.34375066
IMX,Immutable,0.5082340324187896,952605317.4677207,51243929.97471278,12.67935571
INIT,Initia,0.5044187601622783,80360553.73936133,271655182.5197053,28.77555643
INJ,Injective,12.615460011206082,1261179337.947721,246517852.44962737,15.14518699
INS,Inscribe,0.007327128000331676,0.0,266276.97984396,17.46350137
IO,io.net,0.8420101747333413,142105333.13945606,67635804.90541032,13.24352889
IOST,IOST,0.003735796257882799,100066241.5726108,18417388.97871735,5.91568236
IOTA,IOTA,0.18735937295352126,729446264.144366,45056544.87046914,9.04283042
IOTX,IoTeX,0.02233493153105327,210872329.7053753,15089086.31478527,5.512756
IQ,IQ,0.003822828317689735,85425786.5590727,6798886.70558747,4.03585536
IRIS,IRISnet,0.0007464988959313384,1201926.4801783878,226212.00872721,6.96238377
JASMY,JasmyCoin,0.01513145719364346,748174896.0548061,86946054.66130358,15.38868834
JOE,Joe Coin,0.0001699464797260889,0.0,2244457.9223976,0.0
JST,JUST,0.036120697340620116,357594903.67213917,53808021.5067232,2.49732696
JTO,Jito,1.969684545325377,683847735.2753313,82559042.58311039,3.71597258
JUP,Jupiter,0.49283860285578573,1480881433.8512082,85020695.94214013,8.19076782
JUV,Juventus Fan Token,0.9560896794045255,9327516.25939229,4873416.95616504,4.10031476
KAIA,Kaia,0.15895064192839062,964065500.2167403,55453330.6659166,5.41432334
KAITO,KAITO,1.6606409961569393,400860285.0901768,80011879.57243402,9.014241
KAVA,Kava,0.42509033507733046,460310485.31439346,27779614.96988316,5.66479925
KDA,Kadena,0.45916403863089766,148690619.455566,15604659.22988371,15.61798402
KEEP,Keep Network,0.07875763028552141,76220615.01659302,14766.18257888,1.91087106
KERNEL,KernelDAO,0.14523820144424188,23973770.00950825,125849961.59900416,18.40454664
KEY,SelfKey,0.00036277763993095,2176665.823066284,466299.61728024,2.68613673
KLAY,Klaytn,0.1589293071058576,0.0,312929.65537658,5.32754083
KMD,Komodo,0.03316234040060192,4508548.714693223,1830839.77842347,29.0442595
KMNO,Kamino Finance,0.0624948254138322,143267250.06317082,12520147.08944884,6.85216534
KNC,Kyber Network Crystal v2,0.31770998973188924,59539899.76785284,8435190.40158715,5.68891217
KP3R,Keep3rV1,5.068292345398243,2154926.402831734,271243.44368058,10.61737069
KSM,Kusama,14.806094607932419,248035061.37531725,19748879.29727846,8.72486505
LA,LATOKEN,0.019763129761479682,7512073.568553184,90.72053965,0.2899668
LAYER,UniLayer,0.01619939193112306,517064.18758360343,938.26368827,4.09071488
LAZIO,S.S. Lazio Fan Token,0.8219166161939219,9799645.171932947,4384676.66436767,5.42225408
LDO,Lido DAO,0.8582473558954483,769782657.0040344,149838303.39495605,12.22419813
LEVER,LeverFi,0.00020668516378112868,11530086.17661974,5354758.61108272,12.37563264
LINA,Linear Finance,3.409329001823892e-05,340818.5601860548,120720.13818433,461.73421194
LINK,Chainlink,15.458968653036594,10482726186.85467,733834296.804138,8.18012941
LISTA,Lista DAO,0.2663553613800565,57126229.60230538,43035053.30214863,22.77236369
LIT,Litentry,0.4357211972121889,0.0,199631.4281545,-38.66067308
LOKA,League of Kingdoms Arena,0.08754383352036947,33119652.13628142,66383370.18652406,2.46485997
LOOM,Loom Network,0.0015222582943976606,1892046.6456198785,1127409.64311767,11.16173985
LPT,Livepeer,6.864452846107529,290252069.6266609,64889287.61084233,8.46385476
LQTY,Liquity,1.3013185688811093,123687647.01505461,45651375.26660313,5.26736077
LRC,Loopring,0.08156147412273324,111500930.02050096,22080661.44425745,8.75793224
LSK,Lisk,0.42956630406920054,84369256.0293894,8924115.64916862,7.38737488
LTC,Litecoin,95.21091055166094,7241928896.819403,725332550.7156605,4.93030057
LTO,LTO Network,0.005045265706766558,2216463.905901246,414996.41985022,1.45050977
LUMIA,Lumia,0.27302384210490427,34383340.84448315,12209610.41682695,15.56340996
LUNA,Luna by Virtuals,0.019971251418664765,19971251.418664765,269601.78081058,13.17902229
LUNC,Terra Classic,6.466955506893966e-05,353866811.85802376,22988816.69003398,7.71672299
MAGIC,Treasure,0.1915157778292674,58967865.266036995,148855558.37871113,-0.50472327
MANA,Decentraland,0.3111161525655478,612814511.3026717,60381792.31241873,9.06829269
MANTA,Manta Network,0.24031708897430637,100717758.99911444,30459704.2061011,20.49378026
MASK,catwifmask,0.008489894832256028,8487956.835472774,6720369.46224138,0.21307125
MAV,Maverick Protocol,0.04774510335950786,31347605.28214181,48534939.06214131,18.8914293
MBL,MovieBloc,0.0023846416154386894,44449450.75758793,7528143.50019682,4.48808204
MBOX,MOBOX,0.060124632520758205,30081704.470254175,22456050.98710932,10.46777513
MC,Magic Crystal,0.09532207611460909,0.0,74447.00758508,3.60769406
MDT,Measurable Data Token,0.016109730881562364,10892707.505056199,7069040.43154463,2.18602432
MDX,Mdex,0.0014554637059337855,1383049.9290525746,102206.87789997,2.03675613
ME,Magic Eden,0.820469452988755,123155806.33568491,29539555.71430213,7.74298068
MEME,meme (Ordinals),0.0019163427459467925,0.0,146511.40637022,16.10097028
METIS,Metis,17.993574523792244,115834253.93224888,16768081.08808245,14.80922663
MINA,Mina,0.19820406801270476,246064116.49172094,28896870.28110157,11.65087115
MIR,Mirror Protocol,0.01269240066894651,986741.2427808687,77486.89528522,2.1947126
MITH,Mithril,0.00019701639519937033,197016.39519937034,79175.53178018,4.64865808
MKR,Maker,2010.9756055858315,0.0,88659049.06406832,2.70372787
MLN,Enzyme,7.8285478841828,23420496.411770362,11354216.26011825,7.21503505
MOB,MobileCoin,0.189065363936354,37510516.59012828,120501.76814295,-0.17844481
MOD,Modefi,0.0022142226280948596,35597.535740302905,0.0,13.32579579
MOVE,BlueMove,0.010621020563411729,2310071.972542051,0.0,7.10367554
MOVR,Moonriver,6.425998934225651,62752321.472308494,9508988.64664022,12.6759143
MTH,Monetha,0.0007500146715517452,264070.40366240457,2194.29329555,2.71451776
MTL,Metal DAO,0.7569560410763242,65209709.31698589,3233112.32172494,6.46067921
MUBARAK,Mubarak(mubarakcoin.link),0.003312456288802349,0.0,231707.12833007,-1.19485702
MULTI,Multichain,0.5963145882808505,8671066.221352564,119599.79254111,4.02730511
NBS,New BitShares,4.862252315606188e-05,126791.52218698084,79208.50838128,1.13573607
NEAR,NEAR Protocol,2.5702166541904017,3167488738.1542587,264498401.08124772,9.27188319
NEIRO,Neiro Solana (neirobropump.com),0.0005446385539259144,0.0,326243.02541106,15.64724802
NEO,Neo,6.295816502171551,444099536.2536902,56282404.08515766,7.85928373
NEWT,Newton Protocol,0.3404491112165459,73196558.91155738,110247756.31085473,9.94564766
NEXO,Nexo,1.2580154219868782,812861431.0376127,22008888.11819496,1.22658559
NFP,NFPrompt,0.0801335333736269,37886846.85462655,19692375.04351583,32.63155614
NIL,Nillion,0.33106059863475207,64606475.82357187,33247010.34098953,6.74021416
NKN,NKN,0.028651969919483697,22630825.686773866,8504661.62382958,13.99940694
NMR,Numeraire,8.129912074602021,62053180.70483053,11554956.42882014,7.85657663
NOT,Notcoin,0.0022181007263726606,220553848.75770476,39170336.63221159,12.21161714
NTRN,Neutron,0.10923284516390507,65460920.51016265,10033274.74135943,17.3807906
NULS,NULS,0.01569768262492284,1775293.571516309,179989.692792,4.35586799
NXPC,NEXPACE,1.0485897922702478,194955631.38499448,110090960.15312229,14.98432915
OAX,OAX,0.014450749889039367,1384558.8032531126,82210.01743589,-6.0130771
OCEAN,Ocean Protocol,0.32713127342999243,0.0,2584397.75740552,6.65204359
OG,OG Fan Token,4.205307206232091,18082820.986797992,11672401.31398189,4.88031311
OGN,Origin Protocol,0.05833229484224585,40666495.846841626,14070879.07914782,9.52487887
OM,MANTRA,0.22929107052974496,226089564.6631598,111701923.03244756,10.2147487
OMG,Oil Meta Games,5.505765769398378,0.0,21175.23901349,5.94167468
OMNI,Omni Network,3.889938988898124,134080316.74655925,931298573.5376842,152.34508177
ONDO,Ondo,0.9132191859439605,2884957605.9428163,226063333.64857066,8.56344131
ONE,OneFinity,0.050531225064005654,220904.12261390942,18.59612147,9.36522187
ONG,Ontology Gas,0.18755195014526724,78548821.86313373,4863095.41048911,6.3523061
ONT,Ontology,0.13890447851325163,127055628.82377382,14326706.56566887,7.51595271
OOKI,Ooki Protocol,7.713342577961216e-06,105796.20679931605,190029.54255251,20.63357925
OP,Optimism,0.6841481476041831,1198755366.475316,413378189.7919315,16.04435435
ORCA,Orca,2.255515646327911,135234544.77263856,26279865.12490121,10.64985672
ORDI,ORDI,9.848657178822089,206821800.75526386,150417827.98548883,15.96804695
OSMO,Osmosis,0.16887443106127364,124309694.73257303,10101929.40913259,9.41756328
OXT,Orchid,0.057800595950590596,57639600.160588175,5220746.90601341,7.0172429
PARTI,Particle Network,0.1936225593766596,45114056.33476169,74464404.76558411,10.78220467
PAXG,PAX Gold,3350.1310026768024,938611978.6458083,111789181.83572826,0.74584324
PDA,PlayDapp,0.00579281988935576,3627577.1859926316,1690178.23528885,7.05882113
PENDLE,Pendle,4.1090526262313025,676535902.5800809,109100501.11497498,10.90286853
PENGU,Pudgy Penguins,0.021040694174948655,1322626369.84667,1173148979.8361485,8.83110547
PEOPLE,MAGA,1.085325864087997e-06,0.0,277959.90920325,187.95800537
PEPE,Pepe,0.0010241312584462056,0.0,27972.28226967,2.15286251
PERL,PERL.eco,0.0003880441201502201,190505.95660236984,76679.26469908,6.41873224
PERP,Perpetual Protocol,0.2811993711738576,18559765.030458257,12613220.36269013,8.13073065
PHA,Phala Network,0.11205142763800167,89910019.81702289,25784079.84724602,10.10470049
PHB,Phoenix,0.542737269107633,31026875.800225846,29304516.14235858,19.95476906
PIVX,PIVX,0.14808147151008058,14016970.96390048,5147031.69142434,7.08005654
PIXEL,Pixels,0.04266923297447342,127054001.7842081,37454039.11283278,21.61314141
PLN,Plearn,0.02436410553729638,2096865.1915507424,77695.57666362,6.97806064
PNT,pNetwork,0.0028421948579976063,253665.49203589628,79469.21899789,4.18645706
PNUT,Peanut the Squirrel,0.28684458292401105,286802156.9517774,464597200.284867,15.79404985
POL,POL (prev. MATIC),0.22645428426146783,2370173876.7828436,213817902.29593518,8.75012794
POLS,Polkastarter,0.1933851133271499,19185665.915861733,3186820.58182708,4.9281096
POLY,Polytrader by Virtuals,0.0014274589496188698,0.0,103486.03174871,0.27864526
POLYX,Polymesh,0.14183044323941138,138848847.65332723,8062485.94789636,7.61676189
POND,Marlin,0.008748600279196677,71688981.98429875,7655870.15774091,5.3512792
PORTAL,Portal,0.08190938266113065,46866621.76810188,152862039.8905081,103.48788684
PORTO,FC Porto Fan Token,0.8572272934440938,9710847.6707783,4864191.78105507,8.86233535
POWR,Powerledger,0.17172041807010016,97487572.10708028,9816633.40765296,6.52193299
PPT,Pop Social,0.3947502588295291,0.0,16736036.57393354,-0.25005081
PROM,Prom,7.228342460635641,131917249.90660045,6156250.57537087,3.11486901
PROS,Prosper,0.046648124469638945,2397471.727214067,95050.58496238,-0.26382521
PSG,Paris Saint-Germain Fan Token,1.621961804077892,16049196.892062653,7325438.87513754,9.22800792
PUNDIX,Pundi X (New),0.32319602683989956,83509503.47239998,14813346.4355312,3.9995925
PYR,Vulcan Forged (PYR),1.0598266662250209,45587301.75294711,9846291.2637394,10.12765895
PYTH,Pyth Network,0.11793636941297382,678132442.8278525,61123261.89340985,11.53664347
QI,QiSwap,0.0017143119970785287,0.0,124255.3068831,1.25497572
QKC,QuarkChain,0.007279910267005878,51975328.13280978,6521470.0854563,3.79396812
QNT,Quant,116.36168555559436,1404804142.951075,37743468.37007998,5.61927892
QTUM,Qtum,2.2671769198326466,239687932.27886608,67955250.70594971,8.06222181
QUICK,Quickswap [New],0.022527370297346992,17247284.098972566,8693972.57422904,8.12834106
RAD,Radworks,0.671469148314788,34631678.62248031,15446309.13363051,6.42757005
RAMP,RAMP,0.04290100918610291,20499764.17421584,0.0,1.28863178
RARE,SuperRare,0.05653626377644844,46601353.557707496,19368307.00732724,8.56658408
RAY,Raydium,2.7951848312294754,749525106.0824267,141578932.8295784,14.58742631
RDNT,Radiant Capital,0.023062226475046264,29782263.427633524,11877706.21376213,13.62956347
RED,RED,1494.498968308803,0.0,24953.66140017,0.28572413
REEF,Reef,0.0003204650861975038,6734796.262900006,3611616.51529354,9.02116977
REI,REI Network,0.018027612916732043,17126232.27089544,6075185.49113163,8.50192049
REN,Ren,0.009068094316550425,9062023.049325239,955678.29350197,2.58499428
RENDER,Render,3.774914626810337,1955891868.8817964,152166038.74778214,11.86667353
REP,Augur,0.6927807738214958,7620588.512036454,119101.41955112,2.6227955
REQ,Request,0.1496146295054709,123312124.47254983,3998989.97750453,3.05468317
RESOLV,Resolv,0.21382380241005036,33303057.225365344,397147327.71499854,54.18109362
REZ,Renzo,0.013885791954067299,43194003.07601611,274487293.71258193,49.16871605
RGT,Rari Governance Token,0.06851586299581952,854531.6103179087,0.0,0.0
RIF,Rifampicin,0.0024140515332873713,2413135.3277582927,1845224.59859105,6.29576063
RLC,iExec RLC,1.041430059580769,75381361.34420885,7321050.86638854,9.47604435
RON,Ronin,0.5345180999693818,352375545.4348085,11681726.34465011,6.26396285
ROSE,Oasis,0.029708923367775003,219902004.44403315,23197808.16325957,12.35277015
RPL,Rocket Pool,6.109489201483174,131631103.57844862,14966442.59858242,15.13948991
RSR,Reserve Rights,0.008246601236196137,482937480.1077379,34651678.73634904,9.97838087
RUNE,Rune,1.539616146165156,7655.475554971537,1763550.59613468,9.39391108
RVN,Ravencoin,0.0147354577654414,226214603.19969726,60185554.36290327,11.61196417
S,Sonic,0.3525537935936969,1015354925.549847,211170939.53932315,11.82643695
SAGA,Saga,0.31121763653806683,84063629.44440523,122914409.07043523,29.43991014
SAHARA,Sahara AI Coin,0.05798889866739468,0.0,6202278.94694196,132.1174993
SAND,The Sandbox,0.29343257675272133,755086877.8171532,93237593.10355856,8.81619753
SANTOS,Santos FC Fan Token,2.1011704854404445,24260243.208889138,9447570.80768926,5.79258498
SC,Shark Cat,0.005063106243413314,5011946.182575763,1860634.42753772,18.03515746
SCR,Scroll,0.33838843617323877,64293802.872915365,27645754.89754213,17.62409784
SCRT,Secret,0.18018109395798632,56303609.05698559,8046528.64889444,9.29397629
SEI,Sei,0.3379183263317284,1877793366.034877,821611582.002433,28.75424469
SFP,SafePal,0.5058791018402478,252939550.92012388,8586555.67450145,7.40423129
SHELL,MyShell,0.169333179618549,48993733.30296459,39266319.79892699,11.33785653
SHIB,SHIB ON SOLANA,1.343832814277294e-05,0.0,23114584.88828238,8.15476096
SIGN,Sign,0.07334279569454595,88011354.83345515,32094817.96801195,8.80978341
SKL,SKALE,0.021000495744657205,124367091.94175857,70128110.60341504,14.5519132
SKY,Sky,0.08388948339853992,1785510222.3530757,8543627.17021623,2.79365394
SLF,Self Chain,0.06745098684341538,11264314.80285037,13880710.79928659,6.80277509
SLP,Smooth Love Potion,0.00150119160606663,53989192.69619761,10012825.16847834,10.94965615
SNM,SONM (BEP-20),0.00020419840521661165,67857.62861214251,0.0,27.18854921
SNT,Status,0.028509659176672385,114162316.74573536,37874458.93298133,3.96599569
SNX,Synthetix,0.6718562731336462,230759932.49985632,19161934.56603358,11.33798492
SOL,Solana,163.7308948971278,87765098877.88754,7081339124.701832,4.03826015
SOLV,Solv Protocol,0.04399466382361191,65226488.58488702,46244672.2256541,5.19140192
SOPH,SophiaVerse,0.0037946550482323353,0.0,147046.23689602,2.23106668
SPARTA,Spartan Protocol,0.0008970255164361053,67082.0402151072,0.0,7.52854564
SPELL,Spell Token,0.0005088136009840998,83246487.41906945,15975130.69642264,7.74986197
SPK,Spark,0.03562559416090697,34777450.70990139,92231879.79124358,14.59770352
SRM,Serum,0.013976398527690961,3679212.4042340945,224130.47813206,12.0448018
SSV,ssv.network,9.212757416332275,122270079.9953305,36921206.04726401,13.96288269
STEEM,Steem,0.14186800766779384,73522103.31702803,12408640.90074664,5.60947366
STG,Stargate Finance,0.1682269787364542,34375234.608149536,9156815.38055793,5.7636297
STMX,StormX,0.00010887474026417619,1344811.1375840204,522826.11834276,9.5801578
STO,StakeStone,0.089058964470562,20067953.297680315,166310686.83708182,4.27725652
STORJ,Storj,0.2840120793372392,117573440.05636346,19812638.2762133,7.6773691
STORM,Storm Trade,0.014499037494622277,3744073.1856170027,739838.85173624,-6.82520778
STRAX,Stratis [Old],0.047993073622897106,0.0,1820687.78502398,4.9071057
STRK,Strike,6.2950493148504005,35348963.73114024,27836016.99202804,1.23857415
STX,Stacks,0.7486289089870906,1148354807.1675441,59506135.58705489,8.51694053
SUI,Sui,3.496025231670912,12078820499.65686,1970452179.2586875,8.20546547
SUN,Sun [New],0.018058799181447052,345760804.2919137,41301229.04237046,2.58875915
SUPER,SuperVerse,0.780968293682831,472873136.8860591,31509828.59465526,12.06841139
SUSD,sUSD,0.9410090218873339,37749564.02794138,126794.9021858,0.78508648
SUSHI,SushiSwap,0.7410480439006024,204044685.285399,70474747.90868314,12.17517265
SWRV,Swerve,0.0048212501878933415,89284.71127238442,76707.79535304,5.13951616
SXP,Solar,0.1978051766080176,128371242.91135365,9172811.77981286,7.96573348
SXT,Space and Time,0.08761676241342468,122663467.37879455,60807559.29745238,11.56219735
SYN,Synapse,0.12024109247490197,21912759.791922506,22023037.33718307,3.65159516
SYRUP,Maple Finance,0.553745217660669,664624378.3231783,214498832.96515757,15.46212223
SYS,Syscoin,0.04356378934217219,35862753.82902836,4796500.58897763,14.79179353
T,Threshold,0.017036635379800054,172585774.3476244,16878244.92149748,6.47875048
TAO,Bittensor,388.8408642329162,3650222226.738968,251551628.25945622,12.2221438
TCT,TokenClub,0.0004482232595340792,0.0,82584.7433813,3.3302163
TFUEL,Theta Fuel,0.036145695470800585,253066118.0864954,6362742.40443958,4.54954596
THE,THENA,0.2897366416404579,30978351.75989016,35665884.82625353,18.17993905
THETA,Theta Network,0.8080424757854324,808042475.7854325,57810554.10134272,10.02004538
TIA,Celestia,1.912529140947313,1348842327.9590695,219150742.62367752,12.54140179
TKO,Toko Token,0.1511092686873447,25487184.51770306,3040578.72125173,12.38389316
TLM,Alien Worlds,0.00521506336308795,30535468.135690402,16807912.70908862,12.97229243
TNSR,Tensor,0.14301218841651286,56260878.80264792,18420751.87904245,17.74403579
TON,TON Token,2.971739521778301,0.0,423460.09395784,3.16897222
TORN,Tornado Cash,10.659125978589964,56068747.66457818,116739.11963223,7.27684808
TRB,Tellor,42.508302783457765,114073155.93454808,67329459.1267798,9.58414033
TRIBE,Tribe,0.42813961800739253,0.0,217981.74838334,5.09183835
TROY,TROY,0.00012318957018699894,1231895.7018699893,1002565.10650978,9.10016289
TRU,Truebit,0.15842502741817077,0.0,65333.96170817,6.74753886
TRUMP,Donald Trump,5.605532306890483e-05,0.0,52620.03831031,-1.73846448
TRX,TRON,0.2960413822066739,28054461350.42068,711715971.6394899,1.8681098
TST,[Fake] Test (testtoken.me),1.358957565179812e-05,0.0,243588.56290892,163.44362232
TURBO,Based Turbo,1.1794624494706125e-05,0.0,33147.08102577,6.69011051
TUSD,TrueUSD,0.9976538969621135,493354899.661493,51126200.2308752,-0.01748438
TUT,Tutorial,0.06296177415873228,52766995.12170076,45624090.55370189,2.41967751
TWT,Trust Wallet Token,0.7591964682451902,316319132.5747117,15184874.21255085,4.41299453
UFT,UniLend,0.006896288952960616,632192.6452697176,55193.96964344,31.96536015
UMA,UMA,1.19183274721305,105164200.22194192,20504441.47705647,7.95094822
UNFI,Unifi Protocol DAO,0.16356264752570593,1561802.4912369915,625122.2728112,-3.52594386
UNI,UNI,0.000673039546466028,673039.546466028,16749.27549497,22.56209711
USD1,World Liberty Financial USD,0.9999349578473247,2208703350.834954,643217534.184836,-0.01319507
USDC,USDC,0.9997392736383249,62816564776.23512,19641470487.415287,-0.01545473
USDP,USDP Stablecoin,0.9998909907412731,0.0,3042268.86050827,-0.0582541
USDS,TheStandard USD,0.9868277885762928,277242.56663982506,85786.05430851,0.30631452
USTC,Terra Classic USD (Wormhole),0.014086475874518608,0.0,2023593.05564212,7.13285136
USUAL,Usual,0.08931518356223087,94571394.42036939,68976337.42342013,25.98589234
UTK,xMoney,0.03085525704024253,21725561.21913152,8208103.7558123,10.09681098
VAI,Vyvo AI,2.0770289258939707,0.0,269160.11464826,7.730459
VANA,Vana,5.039904290053178,151620480.6619598,34883881.3606194,11.3916748
VANRY,Vanar Chain,0.03604919460141654,69793586.86597627,17115014.38207902,20.77504153
VET,VeChain,0.02474978506913482,2128111288.2914572,72564610.76744299,10.09644559
VGX,VGX Token,0.004531838935996409,2243713.2399614872,921244.33012,0.95215335
VIA,Octavia AI,0.021608042860590804,0.0,205799.22518743,0.95751037
VIB,Viberate,0.0006394981394440148,127896.43039810573,0.0,-0.00968778
VIBE,Vibe Cat (Jupiter Studio),0.01974412476424245,1579018.4019818981,6162605.96730441,-25.82088971
VIC,Viction,0.43948376605598777,53477321.25952063,139194204.04526484,32.75137682
VIDT,VIDT DAO,0.00055212009506257,485738.8550437846,649710.23198737,-3.01994404
VIRTUAL,Virtuals Protocol,1.8273600156462213,1197121010.887454,414071146.00364524,13.63382556
VITE,VITE,0.00017077155286672905,190232.01869171925,38204.61171325,-0.2773764
VOXEL,Voxies,0.06086823565175092,14806958.002970617,24084703.60973702,13.52591118
VTHO,VeThor Token,0.002113437102023791,193605557.81478125,7728042.32639597,5.8848185
W,Wormhole,0.0791200938179592,369042784.5989826,90362985.07146534,15.38079529
WAN,Wanchain,0.12294874781370553,24411456.651593037,7883023.71363054,5.71762349
WAVES,Waves,1.071771884483727,126737387.59909767,34942196.86654994,4.53098595
WAXP,WAX,0.022278760289956914,98386113.74575147,7353256.91550382,7.63856771
WCT,WalletConnect Token,0.3497218006048098,65118199.27261558,100887055.67672896,9.77425537
WIF,DOGWIFHOOD,0.00012198992556352703,121858.19754817554,0.0,7.97525827
WIN,WINkLink,5.4047505997366266e-05,53707107.19705094,35404158.92536055,4.45451464
WING,Wing Finance,0.15875169073501352,810093.1596785192,206815.47319174,5.50409594
WLD,Worldcoin,1.0752382636094164,1850838411.6277568,476298699.95013773,15.80719033
WOO,WOO,0.08037611743642399,153457585.40006313,16703297.39593032,11.63834402
WRX,WazirX,0.022763280733539937,8692315.185151763,132036.60696907,9.53906445
XAI,SideShift Token,0.15830401950584322,22843228.539040066,17367.95306418,0.7938479
XEC,eCash,2.0975557221681203e-05,417219007.3310033,14581301.1164265,7.92113734
XEM,NEM,0.001994598373094788,17951385.355858494,5769841.22855585,2.0428758
XLM,Stellar,0.3250260131732386,10086958547.844929,696316656.8931004,11.62494867
XMR,Monero,324.9103186616809,5993537495.259444,142208489.30520633,0.59603286
XNO,Xeno Token,0.00010500544902070129,124280.13814717616,53874.3691259,4.96804851
XRP,HarryPotterObamaPacMan8Inu,0.006221086999004385,507625.2521597393,687.74048838,8.88882943
XTZ,Tezos,0.6043756932051747,634867817.5822107,29906651.35277828,6.60147358
XUSD,StraitsX USD,1.0000664992747013,62494556.17731643,14573473.36184722,-0.0382268
XVG,Verge (ETH),0.00020548289231265396,0.0,21510.96412778,22.26609228
XVS,Venus,6.4832529417461835,106420087.28756495,14516432.88464185,6.21233804
YFI,yearn.finance,5698.203501498516,192652461.6834859,26002977.3054419,5.93270594
YFII,DFI.Money,80.75780541972935,3116928.257979874,331172.08597881,12.87889751
YGG,Yield Guild Games,0.17895973454701564,94643985.34677161,30022273.32145578,11.33933786
ZEC,Zcash,42.791255491326616,716653777.8576326,81975210.90876897,6.2286995
ZEN,Horizen,8.378455064674766,135118506.98250347,18195527.09185423,9.17551956
ZIL,Zilliqa,0.012172561106524687,237144507.9337301,21582027.08631022,7.96534654
ZK,ZKsync,0.059647360941695864,428573638.0952315,73528903.3890905,20.64642206
ZRO,LayerZero,2.1475661054256654,258187509.1487396,80855586.38540539,11.54455795
ZRX,0x Protocol,0.25411795233639756,215592797.33271074,34826890.75027087,8.45280688
1INCHDOWN,1INCHDOWN,,,739751.74312519,15.92407634
1INCHUP,1INCHUP,,,721332.98539995,-13.58284888
AAVEDOWN,AAVEDOWN,,,0.0,0.0
AAVEUP,AAVEUP,,,0.0,0.0
ADADOWN,ADADOWN,,,0.0,0.0
ADAUP,ADAUP,,,0.0,0.0
ANC,Anoncoin,,,0.0,0.0
ANY,Anyswap,1.9946390326955656,0.0,0.0,9.04818878
APPC,AppCoins,,,0.0,0.0
ARS,Aquarius Loan,0.0008022168566387137,0.0,0.0,15.4459795
AUD,Aussie Digital,0.015700075697837643,0.0,0.0,0.0
BCC,BitConnect,,,0.0,0.0
BCHABC,Bitcoin Cash ABC [IOU],,,58429525.4844308,-20.4321
BCHDOWN,BCHDOWN,,,0.0,0.0940181
BCHUP,BCHUP,,,0.0,0.09271149
BCPT,Blockmason Credit Protocol,,,0.0,0.0
BDOT,BabyDot,,,0.0,0.3613964
BGBP,Binance GBP Stable Coin,,,0.0,0.03179265
BKRW,Binance KRW,,,0.0,-0.01118902
BNBDOWN,BNBDOWN,,,0.0,-0.00194502
BNBUP,BNBUP,,,0.0,-0.00130056
BNSOL,Binance Staked SOL,173.69949359835218,1542235545.0130792,13118986.09942767,4.02838148
BOT,Botcoin,,,0.0,0.0
BRD,Bread,,,0.0,0.0
BRL,Borealis,,,,
BTCDOWN,BTCDOWN,,,0.0,-0.00203563
BTCUP,BTCUP,,,0.0,-0.0014305
BVND,Binance VND,,,0.0,0.0
BZRX,bZx Protocol,,,0.0,0.0
CMT,Comet,0.006222502665618999,0.0,0.0,0.0
CND,Cindicator,0.00022694341953276184,0.0,0.0,-0.45016841
COVER,COVER Protocol,,,0.0,0.0
DAR,Digital Asset Rights Token,,,0.0,0.0
DGD,DarkGold,,,,
DLT,Agrello,0.0007711897623669735,0.0,0.0,0.0
DOCK,Dock,,,0.0,0.0
DOTDOWN,DOTDOWN,,,0.0,0.0
DOTUP,DOTUP,,,0.0,0.0
DREP,DREP [old],,,27585093.74743267,-19.16705867
EDO,Eidoo {Old},,,595347.31157288,-0.406455
ENG,Enigma,,,0.0,0.0
EOSDOWN,EOSDOWN,,,0.0,0.0
EOSUP,EOSUP,,,,
ERD,ELDORADO TOKEN,,,,
ETHDOWN,ETHDOWN,,,7387197.47298529,2.87866959
ETHUP,ETHUP,,,0.0,-0.00087624
EVX,Everex,,,0.0,0.0
FILDOWN,FILDOWN,,,3061688.58241771,-18.20224868
FILUP,FILUP,,,4735907.96310357,16.33262021
FTM,Fantom (Migrated to Sonic),,,46269353.1589021,-0.70781803
GBP,Good Boy Points,,,,
GNT,GreenTrust,6.45472597239793e-10,0.0,0.0,2.70378579
GVT,Genesis Vision,,,0.0,0.0
HC,Huskycoin,,,0.0,0.0
ICN,iCoin,,,0.0,-8.247e-05
LEND,Lendle,0.009722248456179628,0.0,1284.05936622,5.19913048
LINKDOWN,LINKDOWN,,,0.0,0.0
LINKUP,LINKUP,,,0.0,0.0
LTCDOWN,LTCDOWN,,,0.0,0.0
LTCUP,LTCUP,,,0.0,0.0
LUN,Lunyr,0.014154238437963321,0.0,0.0,0.0
MATIC,Polygon,,,1267062.58777204,2.78247204
MCO,MCO,,,0.0,0.35010629
MDA,Moeda Loyalty Points,,,0.0,0.0
MFT,Mainframe,0.0017221688937088925,0.0,0.0,0.0
NANO,Nanomatic,,,0.0,0.0
NAS,Nebulas,0.00022003484552254705,0.0,4833.66565076,-24.15293993
NAV,Navio,0.05426258407749718,0.0,0.0,0.79983028
NCASH,Nutcash,0.008322775216023228,0.0,0.0,7.28546145
NEBL,Neblio,,,0.0,0.0
NGN,CryptoNijigen,,,0.0,0.0
NPXS,Pundi X (Old),9.093326668944493e-05,0.0,2.41186528,7.22780281
NU,NuCypher,0.054353844374274936,0.0,0.0,1.97924148
NXS,Nexus,0.017512783388401156,0.0,34.35633917,-2.74141256
ORN,Orion,0.27465426844796426,0.0,0.0,-16.3579865
OST,OST,,,0.0,0.0
PHX,Phoenix Blockchain,0.010984056030283362,0.0,0.0,0.00653749
PLA,Plair,,,0.0,0.0
POA,POA Network,0.022959459464548398,0.0,0.0,0.0
POE,Portal Network,0.3061740440851809,0.0,0.0,0.0
QLC,QLC Chain,,,0.0,-47.18849952
RCN,Ripio Credit Network,0.00036257816391633364,0.0,693.50043618,7.22780281
RDN,Raiden Network Token,0.002315046784106644,0.0,4.49782719,7.2278028
RENBTC,renBTC,16426.799960329652,5419098.055768798,34.33293312,7.2278028
SALT,SALT,,,0.0,0.0
SNGLS,SingularDTV,,,0.0,208.93089318
SUB,Substratum,0.0002332524235102,0.0,0.0,0.0
SUSHIDOWN,SUSHIDOWN,,,,
SUSHIUP,SUSHIUP,,,1939010.43547737,-70.15019336
SXPDOWN,SXPDOWN,,,0.0,0.0
SXPUP,SXPUP,,,0.0,0.0
TNB,Time New Bank,,,0.0,0.0
TNT,Titan Token,0.001791880757504439,0.0,0.0,0.89261128
TOMO,[deprecated]Tomo Cat,,,,
TRIG,Triggers,,,0.0,0.0937732
TRXDOWN,TRXDOWN,,,0.0,0.0
TRXUP,TRXUP,,,0.0,0.0
TRY,Trias (Old),,,0.0,0.03617983
UNIDOWN,UNIDOWN,,,0.0,0.0
UNIUP,UNIUP,,,0.0,0.0
UST,Ultra Salescloud,,,0.0,0.0
VEN,ImpulseVen,0.016788145912832977,0.0,0.0,0.0
WABI,Wabi,,,0.0,0.0
WBETH,Wrapped Beacon ETH,3193.8998917301583,9147597099.575499,23269045.07122383,7.19155431
WBTC,Wrapped Bitcoin,117608.93374562362,15173697602.723215,432562952.24162745,6.11356448
WINGS,Wings,0.0028723924086223795,0.0,0.0,0.0
WNXM,Wrapped NXM,57.32063689977779,38332747.94079351,414752.63431367,0.17362458
WPR,WePower,,,0.0,0.0
WTC,Waltonchain,,,0.0,0.0
XLMDOWN,XLMDOWN,,,2667850.54142593,88.82371771
XLMUP,XLMUP,,,1183570.16186332,-54.09352065
XRPDOWN,XRPDOWN,,,0.0,0.0
XRPUP,XRPUP,,,0.0,0.0
XTZDOWN,XTZDOWN,,,0.0,0.0
XTZUP,XTZUP,,,0.0,0.0
YFIDOWN,YFIDOWN,,,214848.46611664,11.05926634
YFIUP,YFIUP,,,118096.23554206,-7.76916789
YOYO,YOYO,,,0.0,0.0
